CREATE DATABASE forever_kinetic;
USE forever_kinetic;

-- phpMyAdmin SQL Dump
-- version 4.0.10deb1
-- http://www.phpmyadmin.net
--
-- Host: localhost
-- Generation Time: Jan 31, 2015 at 04:27 PM
-- Server version: 5.6.22
-- PHP Version: 5.5.21-1+deb.sury.org~trusty+2

SET SQL_MODE = "NO_AUTO_VALUE_ON_ZERO";
SET time_zone = "+00:00";


/*!40101 SET @OLD_CHARACTER_SET_CLIENT=@@CHARACTER_SET_CLIENT */;
/*!40101 SET @OLD_CHARACTER_SET_RESULTS=@@CHARACTER_SET_RESULTS */;
/*!40101 SET @OLD_COLLATION_CONNECTION=@@COLLATION_CONNECTION */;
/*!40101 SET NAMES utf8 */;

--
-- Database: `forever_kinetic`
--

-- --------------------------------------------------------

--
-- Table structure for table `equipment`
--

CREATE TABLE IF NOT EXISTS `equipment` (
  `equipment_id` bigint(20) unsigned NOT NULL AUTO_INCREMENT,
  `name` varchar(40) NOT NULL,
  PRIMARY KEY (`equipment_id`),
  UNIQUE KEY `equipment_id` (`equipment_id`)
) ENGINE=InnoDB  DEFAULT CHARSET=utf8 AUTO_INCREMENT=312 ;

--
-- Dumping data for table `equipment`
--

INSERT INTO `equipment` (`equipment_id`, `name`) VALUES
(1, 'barbell'),
(11, 'bench'),
(21, 'body'),
(31, 'bar'),
(41, 'dumbbells'),
(51, 'machine'),
(61, 'dumbbell'),
(71, 'incline bench'),
(81, 'flat bench'),
(91, 'decline bench'),
(101, 't-bar machine'),
(111, 'cable machine'),
(121, 'parallel bars'),
(131, 'bench press machine'),
(141, 'hyperextension bench'),
(151, 'smith machine'),
(161, 'chest machine'),
(171, 'exercise ball'),
(181, 'exercise band'),
(191, 'bosu ball'),
(201, 'butterfly machine'),
(211, 'cable'),
(221, 'weight plate'),
(231, 'weight'),
(241, 'stability ball'),
(251, 'bands'),
(261, 'medicine ball'),
(271, 'band'),
(281, 'balance board'),
(291, 'dumbell'),
(301, 'barbell or dumbbell'),
(311, 'swiss ball');

-- --------------------------------------------------------

--
-- Table structure for table `equipment_exercise`
--

CREATE TABLE IF NOT EXISTS `equipment_exercise` (
  `exercise_id` int(11) NOT NULL,
  `equipment_id` int(11) NOT NULL
) ENGINE=InnoDB DEFAULT CHARSET=utf8;

--
-- Dumping data for table `equipment_exercise`
--

INSERT INTO `equipment_exercise` (`exercise_id`, `equipment_id`) VALUES
(1, 1),
(1, 11),
(11, 21),
(21, 21),
(31, 31),
(41, 21),
(51, 31),
(51, 21),
(61, 1),
(61, 11),
(71, 1),
(81, 41),
(91, 21),
(101, 51),
(111, 61),
(121, 41),
(121, 71),
(131, 1),
(141, 41),
(141, 81),
(151, 1),
(151, 71),
(161, 61),
(171, 1),
(171, 91),
(181, 51),
(191, 101),
(201, 61),
(211, 111),
(221, 1),
(231, 41),
(231, 81),
(241, 21),
(241, 121),
(251, 131),
(261, 141),
(271, 41),
(281, 61),
(291, 111),
(301, 1),
(311, 51),
(321, 1),
(331, 61),
(341, 21),
(351, 151),
(361, 1),
(371, 111),
(371, 81),
(381, 31),
(391, 41),
(401, 1),
(401, 81),
(411, 1),
(421, 151),
(431, 1),
(441, 111),
(451, 41),
(451, 71),
(461, 41),
(471, 161),
(481, 81),
(481, 151),
(491, 151),
(501, 21),
(501, 171),
(511, 71),
(511, 151),
(521, 11),
(521, 21),
(531, 41),
(541, 151),
(551, 111),
(561, 111),
(571, 41),
(581, 21),
(591, 111),
(601, 1),
(601, 81),
(611, 1),
(611, 91),
(621, 21),
(631, 41),
(631, 71),
(641, 171),
(651, 111),
(661, 61),
(661, 81),
(671, 61),
(681, 21),
(691, 41),
(691, 71),
(701, 111),
(711, 151),
(721, 61),
(721, 81),
(731, 151),
(741, 111),
(741, 71),
(751, 61),
(761, 21),
(771, 91),
(771, 41),
(781, 21),
(791, 161),
(801, 1),
(811, 181),
(811, 71),
(821, 91),
(821, 41),
(831, 41),
(841, 61),
(861, 31),
(861, 21),
(871, 61),
(871, 81),
(881, 31),
(881, 21),
(891, 1),
(901, 1),
(911, 1),
(921, 111),
(931, 41),
(931, 81),
(941, 111),
(951, 181),
(961, 111),
(971, 1),
(971, 91),
(981, 41),
(981, 71),
(991, 191),
(1001, 1),
(1001, 81),
(1011, 191),
(1021, 111),
(1031, 201),
(1041, 111),
(1051, 61),
(1051, 81),
(1061, 61),
(1061, 171),
(1071, 1),
(1071, 81),
(1081, 61),
(1091, 61),
(1101, 211),
(1111, 51),
(1121, 211),
(1131, 61),
(1141, 211),
(1151, 1),
(1161, 61),
(1171, 1),
(1181, 1),
(1191, 61),
(1201, 211),
(1211, 61),
(1221, 61),
(1231, 1),
(1241, 61),
(1251, 61),
(1261, 1),
(1271, 221),
(1281, 61),
(1291, 61),
(1301, 211),
(1311, 61),
(1321, 211),
(1331, 1),
(1341, 61),
(1351, 61),
(1361, 211),
(1371, 1),
(1381, 51),
(1391, 211),
(1401, 171),
(1401, 231),
(1411, 211),
(1421, 1),
(1431, 61),
(1441, 1),
(1451, 61),
(1461, 61),
(1471, 61),
(1481, 1),
(1491, 61),
(1501, 61),
(1511, 1),
(1521, 61),
(1531, 61),
(1541, 61),
(1551, 1),
(1561, 21),
(1571, 61),
(1581, 51),
(1591, 1),
(1601, 151),
(1611, 51),
(1621, 1),
(1631, 21),
(1641, 1),
(1651, 21),
(1661, 21),
(1671, 21),
(1681, 21),
(1691, 21),
(1701, 1),
(1711, 21),
(1721, 241),
(1731, 21),
(1741, 211),
(1751, 61),
(1761, 21),
(1771, 251),
(1781, 261),
(1791, 271),
(1801, 61),
(1811, 1),
(1821, 61),
(1831, 61),
(1841, 61),
(1851, 61),
(1861, 1),
(1871, 61),
(1881, 61),
(1891, 51),
(1901, 1),
(1911, 281),
(1921, 21),
(1931, 61),
(1941, 61),
(1951, 261),
(1961, 61),
(1971, 61),
(1991, 1),
(2001, 51),
(2011, 51),
(2021, 51),
(2031, 51),
(2041, 1),
(2051, 41),
(2061, 1),
(2071, 1),
(2081, 41),
(2091, 1),
(2101, 1),
(2111, 221),
(2121, 51),
(2131, 51),
(2141, 181),
(2151, 1),
(2161, 61),
(2171, 1),
(2181, 1),
(2191, 1),
(2201, 61),
(2211, 211),
(2221, 1),
(2231, 51),
(2241, 81),
(2251, 41),
(2261, 1),
(2271, 251),
(2271, 21),
(2281, 291),
(2281, 81),
(2291, 111),
(2301, 41),
(2311, 181),
(2321, 1),
(2331, 51),
(2341, 1),
(2351, 1),
(2361, 1),
(2371, 41),
(2381, 41),
(2391, 1),
(2401, 51),
(2411, 151),
(2421, 301),
(2431, 311),
(2441, 1),
(2451, 211),
(2461, 61),
(2471, 1),
(2481, 61),
(2491, 61),
(2501, 1),
(2511, 211),
(2521, 21),
(2531, 61),
(2541, 61),
(2551, 151),
(2561, 61),
(2571, 211),
(2581, 61),
(2591, 61),
(2601, 21),
(2611, 1),
(2621, 291),
(2631, 211),
(2641, 61),
(2651, 61),
(2661, 1),
(2671, 61),
(2681, 1),
(2691, 51),
(2701, 1),
(2711, 61),
(2721, 1),
(2731, 211),
(2741, 211),
(2751, 211),
(2761, 211),
(2771, 21),
(2781, 61),
(2791, 61),
(2801, 61),
(2811, 1),
(2821, 1),
(2831, 211),
(2841, 211),
(2851, 211),
(2861, 1),
(2871, 1),
(2881, 21);

-- --------------------------------------------------------

--
-- Table structure for table `exercises`
--

CREATE TABLE IF NOT EXISTS `exercises` (
  `exercise_id` bigint(20) unsigned NOT NULL AUTO_INCREMENT,
  `title` varchar(250) NOT NULL,
  `description` text,
  `positive_votes` int(11) NOT NULL,
  PRIMARY KEY (`exercise_id`),
  UNIQUE KEY `exercise_id` (`exercise_id`)
) ENGINE=InnoDB  DEFAULT CHARSET=utf8 AUTO_INCREMENT=2882 ;

--
-- Dumping data for table `exercises`
--

INSERT INTO `exercises` (`exercise_id`, `title`, `description`, `positive_votes`) VALUES
(1, 'Bench Press', 'This is an exercise for the chest.', 0),
(11, 'Supermans', 'This is an excellent exercise and a stretch for the lower back and core muscles.', 0),
(21, 'Push Ups', 'This exercise is the main strengthening exercise when wanting to strengthen ones chest, biceps and triceps as well as core muscles.', 0),
(31, 'Pull Ups', 'This is an exercise in lats, biceps and middle back strengthening.', 0),
(41, 'Bridging', 'This is an excellent exercise for strengthening and maintaining the core muscles.', 0),
(51, 'Chin Ups', 'This is an extremely good exercise for upper arm and middle back strengthening.', 0),
(61, 'Seated Military Press', 'An exercise for the shoulder and triceps strengthening.', 0),
(71, 'Close Grip Barbell Bench Press', 'This is an exercise for chest, triceps and shoulder strengthening.', 0),
(81, 'Arnold Press', 'An exercise for shoulder and triceps strengthening.', 0),
(91, 'Side Plank', 'This is an exercise for core strengthening.', 0),
(101, 'Standing Leg Curls', 'This is an exercise for hamstring strengthening.', 0),
(111, 'Incline Shoulder Press Dumbbell', 'This is an exercise for shoulder strengthening.', 0),
(121, 'Incline Dumbbell Press', 'This exercises is for mainly chest strengthening but also strengthens your triceps and shoulders.', 0),
(131, 'Upright Barbell Rows', 'This is an exercise for shoulder, biceps and upper back strengthening.', 0),
(141, 'Bench Press Dumbbell', 'This is an exercise for chest, triceps and shoulder strengthening.', 0),
(151, 'Incline Bench Press', 'This is an exercise for chest and triceps strengthening.', 0),
(161, 'Shoulder Shrugs', 'An exercise for trapezius strengthening.', 0),
(171, 'Wide Grip Decline Bench Press', 'This is an exercise for chest, triceps and shoulder strengthening.', 0),
(181, 'Hack Squat Machine', 'This exercise is a variation of the Squat which uses a machine.  This exercise may be preferred by beginners.', 0),
(191, 'T-Bar Rows', 'This is an exercise for middle back, biceps and shoulder strengthening.', 0),
(201, 'Dumbbell Shoulder Press', 'An exercise for shoulder, chest and triceps strengthening.', 0),
(211, 'Cable Crossover', 'This is an exercise for chest and shoulder strengthening.', 0),
(221, 'Barbell Squat', 'This is an exercise for leg strengthening, mainly the quadriceps.', 0),
(231, 'Dumbbell Flys', 'This is an exercise for chest, triceps and shoulder strengthening.', 0),
(241, 'Chest Dips', 'This is an exercise for chest, triceps and shoulder strengthening.', 0),
(251, 'Machine Bench Press', 'This is an exercise for chest, biceps and shoulder strengthening.', 0),
(261, 'Hyperextensions', 'This exercise not only adds strength but also flexibility to the back and core muscles.', 0),
(271, 'Dumbbell Dead Lifts', 'This is an exercise for lower back, hamstring and calves strengthening.', 0),
(281, 'Front Raises', 'This is an exercise for shoulder, chest and forearm strengthening.', 0),
(291, 'Front Cable Raises', 'An exercise for shoulders, chest and forearm strengthening.', 0),
(301, 'Front Barbell Raises', 'An exercise for shoulder, chest and forearm strengthening.', 0),
(311, 'Seated Shoulder Press Machine', 'This is an exercise for the shoulder strengthening.', 0),
(321, 'Barbell Shrugs', 'This is an exercise for trapezius strengthening.', 0),
(331, 'One Arm Upright Row', 'This is an exercise for shoulder and trapezius strengthening.', 0),
(341, 'Flat Bench Leg Raises', 'This is an exercise for lower abdominal strengthening.', 0),
(351, 'Smith Machine Shoulder Shrugs', 'This is an exercise for shoulder strengthening.', 0),
(361, 'Seated Barbell Shoulder Press', 'This is an exercise for shoulder, chest and triceps strengthening.', 0),
(371, 'Flat Bench Cable Flys', 'This is an exercise for chest and shoulder strengthening.', 0),
(381, 'Body Row', 'This is a good overall exercise which strengthens your chest, core and back muscles.', 0),
(391, 'Cuban Dumbbell Press', 'This is a three point exercise for shoulder and middle back strengthening.', 0),
(401, 'Bent Arm Pullover', 'This is an exercise for chest, triceps, shoulders and lats strengthening.', 0),
(411, 'Barbell Dead Lifts', 'The techniques is identical to that of the Smith Machine dead lift except for the fact that this exercise provides less support.', 0),
(421, 'Smith Machine Good Mornings', 'This exercise utilises the same technique of the standard Good Mornings yet the use of the Smith Machine provides more stability.', 0),
(431, 'Barbell Good Mornings', 'This is one of the oldest exercises in bodybuilding but it still is one of the best for working the lower back.', 0),
(441, 'Seated Cable Rows', 'This is an exercise for middle back, biceps and lower back strengthening.', 0),
(451, 'Dumbbell Incline Bench Press', 'This is an advanced exercise for building and sculpting the chest as well as your triceps and shoulders.', 0),
(461, 'Lateral Dumbbell Raises', 'This is an exercise for lateral deltoid, shoulder and forearm strengthening.', 0),
(471, 'Incline Chest Press', 'This exercise is for strengthening the upper chest and is preferred among beginners as it provides support and control.', 0),
(481, 'Smith Machine Bench Press', 'With the use of a Smith Machine this exercise strengthens your chest shoulders and triceps.', 0),
(491, 'Smith Machine Squats', 'This exercise uses the Smith Machine to work the Quadriceps, Hamstrings, Calves and Glutes. A great overall exercise for the lower body. There are many variations on the squat, this is the original version using a Smith Machine for better flow of movement.', 0),
(501, 'Push Ups with feet on exercise ball', 'This is similar to the standard Push Up except using an Exercise Ball forces you to engage the muscle of your core (Rectus Abdominis, Transverse Abdominis, and the Obliques).', 0),
(511, 'Smith Machine Incline Bench Press', 'This is an exercise for chest, shoulder and triceps strengthening.', 0),
(521, 'Push Ups with Feet Elevated', 'This is the same general movement as with a Push Up except your feet are elevated allowing greater range of motions and targeting the pectorals differently than the regular Push Up.', 0),
(531, 'Front Dumbbell Raise', 'This is an exercise for shoulder strengthening.', 0),
(541, 'Smith Machine Dead Lifts', 'This is the same as a Dead Lift but the Smith Machine allows for better control of the weight.', 0),
(551, 'Seated Rear Lateral Cable Raise', 'Tis is an exercise for shoulder strengthening.', 0),
(561, 'V Bar Pull Down', 'This is an exercise for lats, biceps and middle back strengthening.', 0),
(571, 'Dumbbell Raise', 'This is an exercise for shoulder and biceps strengthening.', 0),
(581, 'Push Ups Close and Wide Hand Versions', 'These are variations on Push Ups, one of the best exercise for muscles of the chest (pectorals), arms (bicep and triceps) and core development. The core muscles are the rectus abdomen and oblique’s which support the spine.', 0),
(591, 'Wide Grip Lat Pull Down', 'This is an exercise for lats, biceps and middle back strengthening.', 0),
(601, 'Barbell Neck Press', 'This is an advanced exercise for chest strengthening.', 0),
(611, 'Decline Barbell Bench Press', 'This is an exercise for chest, triceps and shoulder strengthening.', 0),
(621, 'Body Leg Lifts', 'This is an exercise for gluts and hamstring strengthening.', 0),
(631, 'Incline Dumbbell Fly’s', 'This is an exercise for chest sculpting and strengthening.', 0),
(641, 'Back Extension on Stability Ball', 'This exercise provides flexibility as it strengthens the muscles of the back and core.', 0),
(651, 'Upright Cable Row', 'This is an exercise for shoulder, biceps and upper back strengthening.', 0),
(661, 'Straight Arm Dumbbell Pullover', 'This is an exercise for chest and shoulder strengthening which mainly targets the rotator cuff muscles.', 0),
(671, 'Rear Deltoid Row Dumbbell', 'This is an exercise for deltoid, biceps and trapezius strengthening.', 0),
(681, 'Stationary Abdominal Draw In', 'This is an exercise for abdominal and core strengthening which are vital in supporting the spine.', 0),
(691, 'Hammer Grip Incline Bench Press', 'This is an advanced exercise for strengthening the chest, triceps and shoulders.', 0),
(701, 'Straight Arm Push Down', 'This exercise for strengthening the Lats and also works the Triceps.', 0),
(711, 'Smith Machine Rear Deltoid Row', 'This is an exercise for rear deltoid,shoulder, biceps and back strengthening.', 0),
(721, 'One Arm Bench Press', 'This is an advanced strengthening exercise for the chest and rotator cuff muscles of the shoulder.', 0),
(731, 'Smith Machine Upright Row', 'This is an exercise for shoulder and biceps strengthening.', 0),
(741, 'Incline Cable Fly’s', 'This exercise is an alternative to the Butterfly or Pec Deck, it defines the muscles of the chest.Place an incline bench set at a 45 degree angle between two cable towers.', 0),
(751, 'One Arm Dumbbell Shoulder Press', 'This is an exercise for shoulder strengthening.', 0),
(761, 'Static Neck Flexion and Extension', 'An exercise to either build or warm-up front and back neck muscles.', 0),
(771, 'Decline Dumbbell Bench Press', 'This is an exercise for chest, shoulder and triceps strengthening.', 0),
(781, 'Static Neck Side Flexion', 'An exercise either build or warm up neck side flexors.', 0),
(791, 'Decline Chest Press', 'This is an exercise for the strengthening of the lower chest or pectoral muscles and is preferred by beginners as it provides support and stability.', 0),
(801, 'Reverse Grips Bent Over Barbell Rows', 'This is an exercise for middle back and biceps strengthening.', 0),
(811, 'Incline Bench Press with Bands', 'This is an exercise for chest and biceps strengthening.', 0),
(821, 'Decline Dumbbell Fly’s', 'This is an exercise for chest and shoulder strengthening.', 0),
(831, 'Dumbbell Upright Rows', 'This is an exercise for shoulder, biceps and upper back strengthening.', 0),
(841, 'Tate Press', 'This is an advanced triceps exercise which moves the muscle differently than other exercises.', 0),
(851, 'Wide Grip Chin Up', 'This variation on the basic chin up is a great exercise for people who rock climb.', 0),
(861, 'Narrow Parallel Grip Chin-ups', 'This is an exercise similar to the regular Chin Up but focuses more on shoulder strengthening.', 0),
(871, 'Dumbbell Bent Arm Pullover', 'This is an exercise for chest, shoulder, lats and biceps strengthening.', 0),
(881, 'Gironda Sternum Chins', 'This is an exercise for lats, biceps and middle back strengthening; which is similar t the basic chin up but focusses more on lats.', 0),
(891, 'Hack Squat with barbell', 'This is another variation of the basic Squat that focuses primarily on the quadriceps or thigh muscles.', 0),
(901, 'Rear Deltoid Row Barbell', 'This is an exercise for shoulder and biceps strengthening.', 0),
(911, 'One Arm Barbell Floor Press', 'This is an exercise for chest and triceps strengthening.', 0),
(921, 'Cable Shoulder Shrugs', 'An exercise for trapezius strengthening.', 0),
(931, 'Lying Rear Lateral Raise', 'This is an exercise for shoulder strengthening.', 0),
(941, 'Bent-over Lateral Cable Raises', 'This is an exercise for shoulder, trapezius and middle back strengthening.', 0),
(951, 'Crossover with Bands', 'This is an exercise for chest, biceps and shoulder strengthening.', 0),
(961, 'One Legged Cable Kickback', 'This is an exercise for gluts and hamstring strengthening.', 0),
(971, 'Wide Grip Decline Barbell Pullover', 'This is an advanced strengthening exercise which targets the pectoral or chest muscles.', 0),
(981, 'Incline Fly’s with a Twist', 'This is an exercise for chest sculpting and strengthening which is very similar to the incline fly’s.', 0),
(991, 'Bosu Ball Push Up', 'This is an exercise for chest, core, shoulders and triceps strengthening with the use of a Bosu ball.', 0),
(1001, 'Barbell Front Raise and Pullover', 'This is an exercise for chest, triceps and shoulder strengthening.', 0),
(1011, 'One Armed Biased Push Up', 'This is an exercise for chest strengthening but also strengthens ones core, shoulders, biceps and triceps.', 0),
(1021, 'Underhand Pull downs', 'This is an exercise for lats and biceps strengthening.', 0),
(1031, 'Butterfly Machine', 'This is an exercise for chest strengthening.', 0),
(1041, 'Underhand Pull down', 'This is an exercise for lats and biceps strengthening.', 0),
(1051, 'Lying One Arm Rear Lateral Raise', 'This is an exercise for shoulder strengthening.', 0),
(1061, 'Pullover On Stability Ball With Weight', 'This is an exercise for back, shoulders and neck strengthening.', 0),
(1071, 'Wide Grip Bench Press', 'This is an exercise for chest, triceps and shoulder strengthening.', 0),
(1081, 'Incline Biceps Curl with Dumbbell', 'This exercise uses an incline bench to change your body’s position as you perform bicep curls. The movement is very similar to a Preacher Curl.', 0),
(1091, 'Incline Inner Biceps Curl with Dumbbell', 'This exercise uses an incline bench and twist to more to change your body’s position as you perform bicep curls. The movement is very similar to a Preacher Curl.', 0),
(1101, 'Overhead Curl with Cable', 'By using cable this exercise isolates and defines the biceps (arm) muscles.', 0),
(1111, 'Preacher Curl with Machine', 'A Preacher Curl uses a special bench to support the triceps and isolate the biceps to build the arms. This version of the exercises is a machine exercise. This is a good exercise for beginners.', 0),
(1121, 'Lying Close Grip Biceps Curls with Cable', 'This exercise combines a flat body position with a pulling motion to work the biceps.', 0),
(1131, 'Lying Supine Biceps Curl with Dumbbell', 'This is another biceps exercise where you lay down to isolate the muscles you are working. This is an advanced exercise.', 0),
(1141, 'Lying Bicep Cable Curl', 'By lying down you are able to isolate the muscles of your biceps without standing or sitting.', 0),
(1151, 'Lying High Bench Biceps Curl with Barbell', 'With this exercise your lay face down to isolate your biceps.', 0),
(1161, 'One Arm Preacher Curl with Dumbbell', 'A Preacher Curl uses a special bench to support the triceps and isolate the biceps to build the arms. This version uses dumbbells and single arm movements for better control.', 0),
(1171, 'Preacher Curl with Barbell', 'A Preacher Curl uses a special bench to support the triceps and isolate the biceps to build the arms.', 0),
(1181, 'Wide Grip Standing Biceps Curl with Barbell', 'This is a wide grip version of a biceps curl. The wider grip targets the lateral or outer portion of the muscle.', 0),
(1191, 'Two-Arm Preacher Curl with Dumbbell', 'A Preacher Curl uses a special bench to support the triceps and isolate the biceps to build the arms. This version of the exercise uses dumbbells.', 0),
(1201, 'Standing One Arm Bicep Curl with Cable', 'This is a single arm version of a bicep cable curl. Cable machines are great for helping you learn proper form while building muscle.', 0),
(1211, 'Standing Inner Biceps Curl with Dumbbell', 'This exercise works the inner biceps.', 0),
(1221, 'Standing One Arm Curl Over Incline Bench with Dumbbell', 'This exercise is a great alternative to the Preacher Curl.', 0),
(1231, 'Spider Curl with Barbell', 'This exercise uses the straight side of a Preacher Curl bench to increase the range of motion of the exercise.', 0),
(1241, 'Seated Inner Biceps Curl with Dumbbell', 'This exercise works the inner biceps.', 0),
(1251, 'Seated Bicep Curl with Dumbbell', 'This exercise is a seated biceps curl using dumbbells.', 0),
(1261, 'Seated Close Grip Concentration Curls with Barbell', 'Concentration exercises limit your range of movement to increase the effectiveness of the movement. This version uses a barbell.', 0),
(1271, 'Reverse Plate Curls with Weight', 'This exercise uses a free weight plate to build muscle.', 0),
(1281, 'Preacher Hammer Curl with Dumbbell', 'This exercise combines a Hammer Curl with a Preacher bench.', 0),
(1291, 'Zottman Curl with Dumbbells', 'This is an advanced exercise where you turn the dumbbells up and out.', 0),
(1301, 'High Cable Curls', 'This exercise allows you to target the muscles of your arms from a different position.', 0),
(1311, 'Flexor Incline Curls with Dumbbell', 'This exercise was designed to keep the stress on the biceps.', 0),
(1321, 'Hammer Curls with Rope and Cable', 'Using the rope with the cable machine allows you isolate the biceps with this version of the Hammer Curl. This is a good exercise for beginners.', 0),
(1331, 'Lying Incline Curl with Barbell', 'This exercise uses an incline bench to change your body’s position as you perform bicep curls. The movement is very similar to a Preacher Curl.', 0),
(1341, 'Alternating Incline Curl with Dumbbell', 'This exercise uses an incline bench to change your body’s position as you perform bicep curls.', 0),
(1351, 'Alternating Hammer Curl with Dumbbell', 'This exercise uses a hammering (up and down) motion to isolate the biceps.', 0),
(1361, 'Standing Biceps Curl with Cable', 'This version of the biceps curl uses a cable instead of a barbell to work the muscles of the arms.', 0),
(1371, 'Bicep Curls with Barbell', 'This is a basic exercise for the biceps (arms).', 0),
(1381, 'Triceps Extensions using Machine', 'Name: This exercise uses a machine to insure proper range of motion. This is a good exercise for beginners and people rehabilitating from injury.', 0),
(1391, 'Triceps Pushdown with V Bar and Cable', 'This exercise is the triceps pushdown uses a V shaped bar. Many people find this version easier on the elbows.', 0),
(1401, 'Weighted Ball Side Bend', 'This exercise use a Stability Ball instead of a bench. The Stability Ball conforms better to your body and allows for correct anatomical range of movement.', 0),
(1411, 'Preacher Curl with Cable', 'A Preacher Curl uses a special bench to support the triceps and isolate the biceps to build the arms.', 0),
(1421, 'Close Grip EZ Bar Curl with Barbell', 'This exercise uses a cambered EZ or curl bar to isolate the biceps during a curl.', 0),
(1431, 'Bicep Hammer Curl with Dumbbell', 'This exercise uses a hammering (up and down) motion to isolate the biceps.', 0),
(1441, 'EZ Bar Curl with Barbell', 'This exercise uses an EZ or curl bar to better isolate and build the arms.', 0),
(1451, 'Prone Incline Biceps Curl with Dumbbell', 'This exercise uses an incline bench to change your body’s position as you perform bicep curls. The movement is very similar to a Preacher Curl.', 0),
(1461, 'Biceps Curl with Dumbbell', 'This version of a biceps curl uses both arms at the same time.', 0),
(1471, 'Alternating Bicep Curl with Dumbbell', 'This exercise is a single arm version of a biceps curl.', 0),
(1481, 'Drag Curl with Barbell', 'This exercise is credited to the late Vince Gironda, the “Iron Guru”. It not only blasts the biceps and works the forearms as well.', 0),
(1491, 'Cross Body Hammer Curl with Dumbbell', 'This exercise targets the biceps using a crossing motion rather than a standard curl.', 0),
(1501, 'Concentration Curls with Dumbbell', 'Concentration exercises limit your range of movement to increase the effectiveness of the movement.', 0),
(1511, 'Close Grip Standing Bicep Curls with Barbell', 'This exercise uses a standard barbell to isolate the biceps during a curl.', 0),
(1521, 'Incline Triceps Extensions with Dumbbell', 'This version of the triceps extension uses an incline bench.', 0),
(1531, 'Zottman Preacher Curl with Dumbbells', 'This is an advanced exercise where you turn the dumbbells up and out using a Preacher Curl bench for support.', 0),
(1541, 'Side Bend with Dumbbell', 'This exercise works the obliques, the muscles on the sides of your abs.', 0),
(1551, 'Ab Rollout with Barbell', 'This exercise works the abs and lower back and is the proper version of an “ab roller”.', 0),
(1561, 'Air Bike', 'This exercise works your abs by raising your arms to meet your legs. The movements are similar to riding a bike.', 0),
(1571, 'Standing Calf Raise with Dumbbell', 'This version of a Calf Raise uses dumbbells.', 0),
(1581, 'Standing Calf Raises using Machine', 'This exercise uses a machine to allow for proper form.', 0),
(1591, 'Standing Barbell Calf Raise', 'This is standing version of a Calf Raise.', 0),
(1601, 'Smith Machine Reverse Calf Raises', 'This is a unique exercise that works the tibialis anterior muscle, one of the muscles of the calves.', 0),
(1611, 'Seated Calf Raise using Machine', 'This is one of the simplest and most effective exercises for the calves.', 0),
(1621, 'Rocking Standing Calf Raise with Barbell', 'This exercise uses a simple rocking motion to strengthen the calves.', 0),
(1631, 'Knee Circles', 'This is a simple exercise and a great stretch.', 0),
(1641, 'Ab Rollout on Knees with Barbell', 'This exercise works the abs and lower back and is the proper version of an “ab roller”. This version is performed on your knees.', 0),
(1651, 'Bent Knee Hip Raise', 'This is a good exercise core muscle development.', 0),
(1661, 'Stability Ball Abdominal Crunch', 'This crunch uses a Stability Ball. The ball allows you a better range of movement because it adapts better to your spine.', 0),
(1671, 'Decline Oblique Crunch', 'This version of a decline crunch isolates the oblique (side) muscles of the abs.', 0),
(1681, 'Decline Crunch', 'Using a decline crunch allows you keep your legs steady and isolate all of the abdominal muscles.', 0),
(1691, 'Exercise Ball Pull In', 'This exercise uses a ball to isolate and work the lower abdominal muscles.', 0),
(1701, 'Bent Over Row with Barbell', 'This exercise focuses on the middle back.', 0),
(1711, 'Crunches', 'This is the most common abdominal exercise and possibly the most often improperly performed. Here is how to perform it correctly.', 0),
(1721, 'Crunches with Legs on Stability Ball', 'This exercise uses a Stability Ball as the base during your crunches.', 0),
(1731, 'Cross Body Crunch', 'This version of the crunch works both the upper and lower portion of the abs.', 0),
(1741, 'Seated Ab Crunch with Cable', 'This exercise uses the weight of a cable machine to assist in a crunch.', 0),
(1751, 'Seated One Leg Calf Raise with Dumbbell', 'This version of a calf raise allows you to exercise each leg individually. This exercise is helpful to people who are rehabilitating from injury as it allows you flexibility with the weight.', 0),
(1761, 'Donkey Calf Raises', 'This is an old school gym exercise which requires the assistance of another person. This is an advanced exercise and not recommended for beginners.', 0),
(1771, 'Calf Raises with Band', 'This exercise uses a band to create resistance.', 0),
(1781, 'Bicep Curl Lunge with Bowling Motion', 'This exercise is similar to the motions of bowling.', 0),
(1791, 'Quick Alternating Bicep Curls with Band', 'This exercise uses a bungy or exercise band for resistance.', 0),
(1801, 'Biceps Curl with Overhead Extension using Dumbbells on Stability Ball', 'This is an advanced exercise. This exercise requires you to be able to balance kneeling on a stability ball before you can correctly perform this exercise.', 0),
(1811, 'Bicep Curl with Deadlift with Barbell', 'This is an advanced exercise. This exercise combines a bicep curl with a deadlift.', 0),
(1821, 'One Arm Bicep Concentration on Stability Ball with Dumbbell', 'This exercise uses a Stability Ball instead of a bench for better form.', 0),
(1831, 'Biceps Curl Reverse with Dumbbells', 'This is a reverse curl exercise that works all of the muscles of the arms.', 0),
(1841, 'Biceps Curl Squat with Dumbbell', 'This exercise combines a squat with a curl to effectively work the entire body. This is an advanced exercise.', 0),
(1851, 'Biceps Curl Seated on Stability Ball with Dumbbell', 'This version of a biceps curl uses a Stability Ball. Exercises preformed with Stability Balls encourage better posture and core muscle development.', 0),
(1861, 'One Arm Bicep Curl with Olympic Bar or Barbell', 'This is an advanced exercise for building stability and the muscles of the arms.', 0),
(1871, 'Bicep Curl on Stability Ball with Leg Raised', 'This exercise incorporates balance along with a bicep curl.', 0),
(1881, 'Lateral Lunge with Bicep Curl with Dumbbell', 'This is an advanced exercise that combines a lateral lunge with a bicep curl.', 0),
(1891, 'Calves Press on Leg Machine', 'This exercise uses a Leg Press Machine to work your calves. You can perform this exercise along with Leg Presses.', 0),
(1901, 'Seated Calf Raise with Barbell', 'This version of a calves raise uses a block and a barbell.', 0),
(1911, 'Balance Board', 'Your calves are stabilizing muscles for your legs, so this exercises uses a Balance Board or wobble board to force you to balance.', 0),
(1921, 'Ankle Circles', 'This is the most simple of all exercises for the calves.', 0),
(1931, 'Biceps Curl V Sit on Dome with Dumbbells', 'This exercise uses a Dome (or Bosu) as a seat forcing you to engage and contract your abs throughout the exercise. The name comes from having our body in the shape of a “V”.', 0),
(1941, 'Stork Stance Bicep Curl with Dumbbells', 'This is an advanced exercise that requires excellent coordination and balance.', 0),
(1951, 'Medicine Ball Biceps Curl on Stability Ball', 'This exercise combines a new technology, Stability Ball, with a old piece of fitness equipment, the Medicine Ball.', 0),
(1961, 'Step Up Single Leg Balance with Bicep Curl using Dumbbells', 'This is an advanced exercise. This exercise combines a step up with a bicep curl.', 0),
(1971, 'Forward Lunge with Bicep Curl using Dumbbell', 'This exercise combines a forward lunge with a bicep curl.', 0),
(1981, 'Bicep Curl with Machine', 'This exercise uses a machine to insure proper form.', 0),
(1991, 'Wide Stance Squat with Barbell', 'This version of the squat uses a wider stance to isolate the inner thigh.', 0),
(2001, 'Narrow Stance Hack Squats', 'Like the Hack Squat, this exercise works the muscles of the leg. The narrow stance targets the external muscles more efficiently.', 0),
(2011, 'Lying Squat', 'This exercise is similar to a Leg Press Machine working the same muscles.', 0),
(2021, 'Narrow Stance Leg Press', 'This is a variation of the leg press which targets more of the external muscles of the legs by moving your feet closer together.', 0),
(2031, 'Leg Extensions', 'This exercise is a staple for building strong legs.', 0),
(2041, 'Jefferson Squats with Barbell', 'This is a rarely used exercise which is without question one of the best exercises for building and shaping the inner thighs.', 0),
(2051, 'Iron Cross with Dumbbells', 'This is an advanced exercise that works the whole body.', 0),
(2061, 'Front Squat to Bench with Barbells', 'The Front Squat works the same muscles as the rear squat without placing the weight of the bar on your shoulders. This exercise can be a good substitute for people with back and neck injuries. By using a bench you remind yourself how far to squat down', 0),
(2071, 'Front Squat with Barbell', 'The Front Squat works the same muscles as the rear squat without placing the weight of the bar on your shoulders. This exercise can be a good substitute for people with back and neck injuries.', 0),
(2081, 'Step Ups with Dumbbells', 'This exercise builds coordination as well as muscle.', 0),
(2091, 'Narrow Stance Squat with Barbell', 'A great overall exercise for the lower body. This version of the Squat targets and defines more of the externals leg muscles.', 0),
(2101, 'One Leg Squat with Barbell', 'The One Leg Squat isolates the muscles of the leg for optimal exercise. This exercise is also used to build or rebuild strength after injury.', 0),
(2111, 'Weighted Sissy Squat with Weight Plate', 'Don’t let the name of this exercise fool you, it is a an assisted squat which effectively works the quadriceps (leg muscles).', 0),
(2121, 'Thigh Adductor', 'This exercise targets and works the muscles of the inner thigh.', 0),
(2131, 'Thigh Abductor', 'This exercise targets and works the muscles of the outer thigh.', 0),
(2141, 'Squats with Exercise Bands', 'This version of the Squat uses flexible exercise bands for resistance instead of weights.', 0),
(2151, 'Speed Squats with Barbell', 'This version of the squat uses an empty barbell and moves at a faster pace than the standard squat. This is a good exercise for building speed and conditioning used in running and jumping sports.', 0),
(2161, 'Pile Squat with Dumbbell', 'This version of the squat is done with a dumbbell and mimics the action of a pile driver.', 0),
(2171, 'Overhead Squat with Barbell', 'In this version of the squat you hold the bar overhead as you perform the exercise.', 0),
(2181, 'One Arm Side Deadlift with Barbell', 'This is an advanced exercise that works most of the muscles of the body. Exercises like this are used to develop functional strength for sports that require strong hands.', 0),
(2191, 'One Arm Snatch with Barbell', 'This is an advanced exercise that works most of the muscles of the body. Exercises like this are used to develop functional strength for sports that require strong hands.', 0),
(2201, 'Squat to Bench with Dumbbells', 'This is a great overall exercise for the lower body. There are many variations on the squat, this one uses a bench to remind you how far down to squat.', 0),
(2211, 'Hip Adduction', 'This exercises strengthens hip flexors and muscles of the thighs.', 0),
(2221, 'Step Ups with Barbell', 'This exercise builds coordination as well as muscle.', 0),
(2231, 'Lying Leg Curl Machine', 'This is an exercise for hamstring strengthening.', 0),
(2241, 'Flutter Kicks', 'This is an exercise for quadriceps and hamstring strengthening.', 0),
(2251, 'Dumbbell Lunges', 'This is an exercise for whole leg but mainly hamstring strengthening.', 0),
(2261, 'Barbell Lunges', 'This is a classic exercise used for strengthening the hamstrings, quadriceps, calves and gluts.', 0),
(2271, 'Upright Band Rows', 'This is an exercise for lats, triceps and shoulder strengthening.', 0),
(2281, 'One Arm Flat Bench Fly’s', 'This is an exercise for chest strengthening.', 0),
(2291, 'Internal Cable Rotation', 'This is an exercise for shoulder and biceps strengthening.', 0),
(2301, 'Bent Over Rear Deltoid Raise With Head On Bench', 'This is an exercise for shoulder strengthening.', 0),
(2311, 'Back Fly’s with Exercise Band', 'This is an exercise for shoulder, middle back and triceps strengthening.', 0),
(2321, 'Romanian Dead Lift', 'This is an exercise similar to the regular dead lift and strengthens the hamstring, calves, quadriceps and gluts.', 0),
(2331, 'Seated Leg Curl', 'This is an exercise for hamstring strengthening which is similar to the laying leg curls.', 0),
(2341, 'Squat to Bench with Barbell', 'This is s great overall exercise for the lower body. There are many variations on the squat, this one uses a bench to remind you how far down to squat.', 0),
(2351, 'Single Leg Squat with Barbell', 'This is an advanced exercise and modification of the basic squat. Mastery of the squat is recommended before attempting this exercise.', 0),
(2361, 'Side Squats with Barbell', 'This version of a squat works the hip adductors, helping build better core strength and coordination.', 0),
(2371, 'Squats using Dumbbells', 'This is a great overall exercise for the lower body that uses dumbbells instead of a barbell. Beginners may find this version easier to perform.', 0),
(2381, 'Rear Lunges with Dumbbell', 'This is an advanced version of a lunge.', 0),
(2391, 'Rear Lunges with Barbell', 'This is an advanced version of a lunge.', 0),
(2401, 'Leg Press', 'Along with the Squat, this exercise is crucial for building and strengthening the legs.', 0),
(2411, 'Smith Machine Hack Squat', 'This is another variation of the basic Squat that focuses primarily on the quadriceps, or thigh muscles, while using the Smith Machine.', 0),
(2421, 'Walking Lunges', 'A walking lunge gives you the benefit of lunges plus core muscle training from the constant motion.', 0),
(2431, 'Ball Wall Circles', 'This is an exercise to strengthen and stretch the rotator cuff muscles or shoulder muscles.', 0),
(2441, 'Zecher Squats', 'This variation of squat is similar to a Front Squat, it works to build the upper muscles of the quadriceps (thighs).', 0),
(2451, 'Triceps Pushdown with Rope and Cable', 'This version of the triceps pushdown uses a rope for better definition in the muscle.', 0),
(2461, 'Seated Triceps Press with Dumbbell', 'This exercise uses a single dumbbell held between both hands to work the triceps.', 0),
(2471, 'Seated Overhead Triceps Extension with Barbell', 'This exercise uses a barbell behind your neck to isolate the triceps effectively.', 0),
(2481, 'Seated Two-Arm Triceps Extension with Dumbbell', 'This exercise is the two handed version of seated triceps extension.', 0),
(2491, 'Seated One Arm Triceps Extension with Dumbbell', 'This exercise uses a kickback movement to work the triceps in each arm individually.', 0),
(2501, 'Reverse Triceps Bench Press with Barbell', 'This exercise is a version of the Bench Press that specifically isolates the triceps.', 0),
(2511, 'Reverse Grip Triceps Pushdown', 'This exercise is the reverse version of the triceps pushdown.', 0),
(2521, 'Close Triceps Pushup', 'This version of the Pushup isolates the tricep (back of the arm) muscles.', 0),
(2531, 'Single Arm Supinated Triceps Extension with Dumbbell', 'This exercise is similar to the Single Arm Pronated Triceps Extension except the movement is over the head instead of across the chest.', 0),
(2541, 'Single Arm Pronated Triceps Extension with Dumbbell', 'This is an advanced exercise to isolate and work the tricep (back of the arm) muscles.', 0),
(2551, 'Smith Machine Close Grip Bench Press', 'This version of a Bench Press uses a close grip to isolate the triceps as well as working the chest.', 0),
(2561, 'Bent-Over One Arm Triceps Extension with Dumbbell', 'This exercise uses a kickback movement to work the triceps in each arm individually.', 0),
(2571, 'Triceps Pushdown with Cable', 'This exercise is the original version of the triceps pushdown.', 0),
(2581, 'Triceps Kickback with Dumbbell', 'This along with the Triceps Push Down is one of the most beneficial exercises for the arms.', 0),
(2591, 'Tate Press with Dumbbell', 'This is an advanced triceps exercise which moves the muscle differently than other exercises.', 0),
(2601, 'Standing Triceps Extension with Towel', 'This exercise requires another person and uses manual resistance, or your body’s own weight to build muscle.', 0),
(2611, 'Standing Overhead Triceps Extension with Barbell', 'This is a double arm barbell version of a behind the neck triceps exercise.', 0),
(2621, 'Standing One Arm Triceps Extension with Dumbbell', 'This is a single arm version of a behind the neck triceps exercise.', 0),
(2631, 'One Arm Low-Pulley Triceps Extension with Cable', 'This exercise uses a cable machine to isolate the triceps.', 0),
(2641, 'Standing Triceps Extension', 'This exercise works the triceps by reaching behind your neck.', 0),
(2651, 'Bent-Over Two Arm Triceps Extension with Dumbbell', 'This exercise uses a kickback movement to work the triceps in each arm individually.', 0),
(2661, 'Old School Reverse Extensions', 'As the name suggests, this is an old classic exercise that hits the triceps hard.', 0),
(2671, 'Lying Two Arm Triceps Extension with Dumbbell', 'This a lying version of a Triceps Kickback.', 0),
(2681, 'Lying Triceps Press with Barbell', 'This is another classic exercise for building the triceps.', 0),
(2691, 'Tricep Dips using Machine', 'This exercise uses a machine to work the triceps while in seated position.', 0),
(2701, 'Decline EZ Bar Triceps Extension with Barbell', 'This exercise combines a decline bench and a curved bar to more efficiently work the triceps.', 0),
(2711, 'Decline Triceps Extension with Dumbbell', 'This exercise combines a decline bench and dumbbells to target the triceps.', 0),
(2721, 'Decline Close Grip Bench to Skull Crusher', 'This exercise combines a close grip bench press with triceps extension.', 0),
(2731, 'One Arm Tricep Extension with Cable', 'This exercise isolates the triceps muscles individually.', 0),
(2741, 'Lying Tricep Extension with Cable', 'This exercise uses cables to isolate and work the triceps (muscles on the back of the arms).', 0),
(2751, 'Incline Triceps Extension with Cable', 'This exercise uses cables to isolate and work the triceps (muscles on the back of the arms).', 0),
(2761, 'Incline Pushdown with Cable', 'This exercise uses cables to isolate and work the triceps (muscles on the back of the arms).', 0),
(2771, 'Tricep Dips using Body Weight', 'This classic exercise uses the weight of your own body to work your triceps.', 0),
(2781, 'One Arm Triceps Extension with Dumbbell', 'This exercise uses a dumbbell to work each arm individually.', 0),
(2791, 'Lying Triceps Extension Across Face with Dumbbell', 'This is an advanced exercise and should be avoided by beginners.', 0),
(2801, 'Lying Triceps Extension with Dumbbells', 'This exercise uses gravity to increase the resistance of the weight.', 0),
(2811, 'Lying Close Grip Triceps Press to Chin with Barbell', 'This exercise is a classic for building the triceps.', 0),
(2821, 'Lying Close-Grip Triceps Extension Behind the Head with Barbell', 'You can use a barbell or EZ (curl) bar to further concentrate the benefit to your triceps.', 0),
(2831, 'Low Triceps Extension with Cable', 'This exercise is done while lying on a seated row station.', 0),
(2841, 'Kneeling Triceps Extension with Cable', 'Kneeling allows you to isolate your triceps more effectively.', 0),
(2851, 'Kneeling Triceps Concentration Extension with Cable', 'Concentration exercises limit your range of movement to increase the effectiveness of the movement.', 0),
(2861, 'JM Press', 'This exercise is named after the inventor, J.M. Blakley. This is an advanced exercise used by bodybuilders and power lifters to build explosive power in the triceps muscle (back of the arms).', 0),
(2871, 'Incline Triceps Extension with Barbell', 'This version of a triceps extension uses gravity to increase the resistance of the exercise.', 0),
(2881, 'Bench Dips', 'This exercise is one of the most basic and still one of the best for building the triceps (muscles on the back of the arm).', 0);

-- --------------------------------------------------------

--
-- Table structure for table `exercise_types`
--

CREATE TABLE IF NOT EXISTS `exercise_types` (
  `exercise_type_id` bigint(20) unsigned NOT NULL AUTO_INCREMENT,
  `name` varchar(40) NOT NULL,
  PRIMARY KEY (`exercise_type_id`),
  UNIQUE KEY `exercise_type_id` (`exercise_type_id`)
) ENGINE=InnoDB  DEFAULT CHARSET=utf8 AUTO_INCREMENT=2892 ;

--
-- Dumping data for table `exercise_types`
--

INSERT INTO `exercise_types` (`exercise_type_id`, `name`) VALUES
(1, 'compound'),
(11, 'isolation'),
(21, 'isolation'),
(31, 'isolation'),
(41, 'isolation'),
(51, 'isolation'),
(61, 'isolation'),
(71, 'isolation'),
(81, 'isolation'),
(91, 'isolation'),
(101, 'isolation'),
(111, 'isolation'),
(121, 'isolation'),
(131, 'isolation'),
(141, 'isolation'),
(151, 'isolation'),
(161, 'isolation'),
(171, 'isolation'),
(181, 'compound'),
(191, 'isolation'),
(201, 'isolation'),
(211, 'isolation'),
(221, 'compound'),
(231, 'isolation'),
(241, 'isolation'),
(251, 'isolation'),
(261, 'isolation'),
(271, 'isolation'),
(281, 'isolation'),
(291, 'isolation'),
(301, 'isolation'),
(311, 'isolation'),
(321, 'isolation'),
(331, 'isolation'),
(341, 'isolation'),
(351, 'isolation'),
(361, 'isolation'),
(371, 'isolation'),
(381, 'compound'),
(391, 'isolation'),
(401, 'isolation'),
(411, 'isolation'),
(421, 'isolation'),
(431, 'isolation'),
(441, 'compound'),
(451, 'isolation'),
(461, 'isolation'),
(471, 'isolation'),
(481, 'isolation'),
(491, 'compound'),
(501, 'isolation'),
(511, 'isolation'),
(521, 'isolation'),
(531, 'isolation'),
(541, 'isolation'),
(551, 'isolation'),
(561, 'isolation'),
(571, 'isolation'),
(581, 'isolation'),
(591, 'isolation'),
(601, 'isolation'),
(611, 'isolation'),
(621, 'isolation'),
(631, 'isolation'),
(641, 'isolation'),
(651, 'isolation'),
(661, 'isolation'),
(671, 'isolation'),
(681, 'isometric'),
(691, 'isolation'),
(701, 'isolation'),
(711, 'isolation'),
(721, 'isolation'),
(731, 'isolation'),
(741, 'isolation'),
(751, 'isolation'),
(761, 'isometeric'),
(771, 'isolation'),
(781, 'isometric'),
(791, 'isolation'),
(801, 'isolation'),
(811, 'isolation'),
(821, 'isolation'),
(831, 'isolation'),
(841, 'isolation'),
(851, 'isolation'),
(861, 'isolation'),
(871, 'isolation'),
(881, 'compound'),
(891, 'isolation'),
(901, 'isolation'),
(911, 'isolation'),
(921, 'isolation'),
(931, 'isolation'),
(941, 'isolation'),
(951, 'isolation'),
(961, 'isolation'),
(971, 'isolation'),
(981, 'isolation'),
(991, 'isolation'),
(1001, 'isolation'),
(1011, 'isolation'),
(1021, 'isolation'),
(1031, 'isolation'),
(1041, 'isolation'),
(1051, 'isolation'),
(1061, 'isolation'),
(1071, 'isolation'),
(1081, 'isolation'),
(1091, 'isolation'),
(1101, 'isolation'),
(1111, 'isolation'),
(1121, 'isolation'),
(1131, 'isolation'),
(1141, 'isolation'),
(1151, 'isolation'),
(1161, 'isolation'),
(1171, 'isolation'),
(1181, 'isolation'),
(1191, 'isolation'),
(1201, 'isolation'),
(1211, 'isolation'),
(1221, 'isolation'),
(1231, 'isolation'),
(1241, 'isolation'),
(1251, 'isolation'),
(1261, 'isolation'),
(1271, 'isolation'),
(1281, 'isolation'),
(1291, 'isolation'),
(1301, 'isolation'),
(1311, 'isolation'),
(1321, 'isolation'),
(1331, 'isolation'),
(1341, 'isolation'),
(1351, 'isolation'),
(1361, 'isolation'),
(1371, 'isolation'),
(1381, 'isolation'),
(1391, 'isolation'),
(1401, 'isolation'),
(1411, 'isolation'),
(1421, 'isolation'),
(1431, 'isolation'),
(1441, 'isolation'),
(1451, 'isolation'),
(1461, 'isolation'),
(1471, 'isolation'),
(1481, 'isolation'),
(1491, 'isolation'),
(1501, 'isolation'),
(1511, 'isolation'),
(1521, 'isolation'),
(1531, 'isolation'),
(1541, 'compound'),
(1551, 'compound'),
(1561, 'isolation'),
(1571, 'isolation'),
(1581, 'isolation'),
(1591, 'isolation'),
(1601, 'isolation'),
(1611, 'isolation'),
(1621, 'compound'),
(1631, 'compound'),
(1641, 'compound'),
(1651, 'isolation'),
(1661, 'compound'),
(1671, 'isolation'),
(1681, 'compound'),
(1691, 'compound'),
(1701, 'isolation'),
(1711, 'isolation'),
(1721, 'compound'),
(1731, 'isolation'),
(1741, 'isolation'),
(1751, 'isolation'),
(1761, 'isolation'),
(1771, 'isolation'),
(1781, 'isolation'),
(1791, 'isolation'),
(1801, 'isolation'),
(1811, 'isolation'),
(1821, 'compound'),
(1831, 'isolation'),
(1841, 'isolation'),
(1851, 'isolation'),
(1861, 'isolation'),
(1871, 'compound'),
(1881, 'isolation'),
(1891, 'isolation'),
(1901, 'isolation'),
(1911, 'compound'),
(1921, 'isolation'),
(1931, 'isolation'),
(1941, 'isolation'),
(1951, 'isolation'),
(1961, 'isolation'),
(1971, 'compound'),
(1981, 'isolation'),
(1991, 'isolation'),
(2001, 'compound'),
(2011, 'compound'),
(2021, 'compound'),
(2031, 'compound'),
(2041, 'isolation'),
(2051, 'compound'),
(2061, 'compound'),
(2071, 'compound'),
(2081, 'compound'),
(2091, 'compound'),
(2101, 'compound'),
(2111, 'compound'),
(2121, 'isolation'),
(2131, 'isolation'),
(2141, 'isolation'),
(2151, 'compound'),
(2161, 'compound'),
(2171, 'compound'),
(2181, 'compound'),
(2191, 'compound'),
(2201, 'compound'),
(2211, 'compound'),
(2221, 'isolation'),
(2231, 'compound'),
(2241, 'isolation'),
(2251, 'isolation'),
(2261, 'isolation'),
(2271, 'isolation'),
(2281, 'isolation'),
(2291, 'isolation'),
(2301, 'compound'),
(2311, 'isolation'),
(2321, 'isolation'),
(2331, 'isolation'),
(2341, 'isolation'),
(2351, 'compound'),
(2361, 'compound'),
(2371, 'compound'),
(2381, 'compound'),
(2391, 'compound'),
(2401, 'compound'),
(2411, 'compound'),
(2421, 'compound'),
(2431, 'isolation'),
(2441, 'compound'),
(2451, 'compound'),
(2461, 'isolation'),
(2471, 'isolation'),
(2481, 'isolation'),
(2491, 'isolation'),
(2501, 'isolation'),
(2511, 'compound'),
(2521, 'isolation'),
(2531, 'compound'),
(2541, 'isolation'),
(2551, 'isolation'),
(2561, 'compound'),
(2571, 'isolation'),
(2581, 'isolation'),
(2591, 'isolation'),
(2601, 'isolation'),
(2611, 'isolation'),
(2621, 'isolation'),
(2631, 'isolation'),
(2641, 'compound'),
(2651, 'isolation'),
(2661, 'isolation'),
(2671, 'isolation'),
(2681, 'isolation'),
(2691, 'isolation'),
(2701, 'compound'),
(2711, 'isolation'),
(2721, 'isolation'),
(2731, 'isolation'),
(2741, 'isolation'),
(2751, 'isolation'),
(2761, 'isolation'),
(2771, 'isolation'),
(2781, 'compound'),
(2791, 'isolation'),
(2801, 'isolation'),
(2811, 'isolation'),
(2821, 'isolation'),
(2831, 'isolation'),
(2841, 'isolation'),
(2851, 'isolation'),
(2861, 'isolation'),
(2871, 'compound'),
(2881, 'isolation'),
(2891, 'compound');

-- --------------------------------------------------------

--
-- Table structure for table `exercise_types_exercise`
--

CREATE TABLE IF NOT EXISTS `exercise_types_exercise` (
  `exercise_id` int(11) NOT NULL,
  `exercise_type_id` int(11) NOT NULL
) ENGINE=InnoDB DEFAULT CHARSET=utf8;

--
-- Dumping data for table `exercise_types_exercise`
--

INSERT INTO `exercise_types_exercise` (`exercise_id`, `exercise_type_id`) VALUES
(1, 1),
(11, 11),
(21, 21),
(31, 31),
(41, 41),
(51, 51),
(61, 61),
(71, 71),
(81, 81),
(91, 91),
(101, 101),
(111, 111),
(121, 121),
(131, 131),
(141, 141),
(151, 151),
(161, 161),
(171, 171),
(181, 181),
(191, 191),
(201, 201),
(211, 211),
(221, 221),
(231, 231),
(241, 241),
(251, 251),
(261, 261),
(271, 271),
(281, 281),
(291, 291),
(301, 301),
(311, 311),
(321, 321),
(331, 331),
(341, 341),
(351, 351),
(361, 361),
(371, 371),
(381, 381),
(391, 391),
(401, 401),
(411, 411),
(421, 421),
(431, 431),
(441, 441),
(451, 451),
(461, 461),
(471, 471),
(481, 481),
(491, 491),
(501, 501),
(511, 511),
(521, 521),
(531, 531),
(541, 541),
(551, 551),
(561, 561),
(571, 571),
(581, 581),
(591, 591),
(601, 601),
(611, 611),
(621, 621),
(631, 631),
(641, 641),
(651, 651),
(661, 661),
(671, 671),
(681, 681),
(691, 691),
(701, 701),
(711, 711),
(721, 721),
(731, 731),
(741, 741),
(751, 751),
(761, 761),
(771, 771),
(781, 781),
(791, 791),
(801, 801),
(811, 811),
(821, 821),
(831, 831),
(841, 841),
(861, 851),
(871, 861),
(881, 871),
(891, 881),
(901, 891),
(911, 901),
(921, 911),
(931, 921),
(941, 931),
(951, 941),
(961, 951),
(971, 961),
(981, 971),
(991, 981),
(1001, 991),
(1011, 1001),
(1021, 1011),
(1031, 1021),
(1041, 1031),
(1051, 1041),
(1061, 1051),
(1071, 1061),
(1081, 1071),
(1091, 1081),
(1101, 1091),
(1111, 1101),
(1121, 1111),
(1131, 1121),
(1141, 1131),
(1151, 1141),
(1161, 1151),
(1171, 1161),
(1181, 1171),
(1191, 1181),
(1201, 1191),
(1211, 1201),
(1221, 1211),
(1231, 1221),
(1241, 1231),
(1251, 1241),
(1261, 1251),
(1271, 1261),
(1281, 1271),
(1291, 1281),
(1301, 1291),
(1311, 1301),
(1321, 1311),
(1331, 1321),
(1341, 1331),
(1351, 1341),
(1361, 1351),
(1371, 1361),
(1381, 1371),
(1391, 1381),
(1401, 1391),
(1411, 1401),
(1421, 1411),
(1431, 1421),
(1441, 1431),
(1451, 1441),
(1461, 1451),
(1471, 1461),
(1481, 1471),
(1491, 1481),
(1501, 1491),
(1511, 1501),
(1521, 1511),
(1531, 1521),
(1541, 1531),
(1551, 1541),
(1561, 1551),
(1571, 1561),
(1581, 1571),
(1591, 1581),
(1601, 1591),
(1611, 1601),
(1621, 1611),
(1631, 1621),
(1641, 1631),
(1651, 1641),
(1661, 1651),
(1671, 1661),
(1681, 1671),
(1691, 1681),
(1701, 1691),
(1711, 1701),
(1721, 1711),
(1731, 1721),
(1741, 1731),
(1751, 1741),
(1761, 1751),
(1771, 1761),
(1791, 1771),
(1801, 1781),
(1811, 1791),
(1821, 1801),
(1831, 1811),
(1841, 1821),
(1841, 1831),
(1851, 1841),
(1861, 1851),
(1871, 1861),
(1881, 1871),
(1881, 1881),
(1891, 1891),
(1901, 1901),
(1911, 1911),
(1921, 1921),
(1931, 1931),
(1941, 1941),
(1951, 1951),
(1961, 1961),
(1971, 1971),
(1971, 1981),
(1981, 1991),
(1991, 2001),
(2001, 2011),
(2011, 2021),
(2021, 2031),
(2031, 2041),
(2041, 2051),
(2051, 2061),
(2061, 2071),
(2071, 2081),
(2081, 2091),
(2091, 2101),
(2101, 2111),
(2111, 2121),
(2121, 2131),
(2131, 2141),
(2141, 2151),
(2151, 2161),
(2161, 2171),
(2171, 2181),
(2181, 2191),
(2191, 2201),
(2201, 2211),
(2211, 2221),
(2221, 2231),
(2231, 2241),
(2241, 2251),
(2251, 2261),
(2261, 2271),
(2271, 2281),
(2281, 2291),
(2291, 2301),
(2301, 2311),
(2311, 2321),
(2321, 2331),
(2331, 2341),
(2341, 2351),
(2351, 2361),
(2361, 2371),
(2371, 2381),
(2381, 2391),
(2391, 2401),
(2401, 2411),
(2411, 2421),
(2421, 2431),
(2431, 2441),
(2441, 2451),
(2451, 2461),
(2461, 2471),
(2471, 2481),
(2481, 2491),
(2491, 2501),
(2501, 2511),
(2511, 2521),
(2521, 2531),
(2531, 2541),
(2541, 2551),
(2551, 2561),
(2561, 2571),
(2571, 2581),
(2581, 2591),
(2591, 2601),
(2601, 2611),
(2611, 2621),
(2621, 2631),
(2631, 2641),
(2641, 2651),
(2651, 2661),
(2661, 2671),
(2671, 2681),
(2681, 2691),
(2691, 2701),
(2701, 2711),
(2711, 2721),
(2721, 2731),
(2731, 2741),
(2741, 2751),
(2751, 2761),
(2761, 2771),
(2771, 2781),
(2781, 2791),
(2791, 2801),
(2801, 2811),
(2811, 2821),
(2821, 2831),
(2831, 2841),
(2841, 2851),
(2851, 2861),
(2861, 2871),
(2871, 2881),
(2881, 2891);

-- --------------------------------------------------------

--
-- Table structure for table `media`
--

CREATE TABLE IF NOT EXISTS `media` (
  `media_id` bigint(20) unsigned NOT NULL AUTO_INCREMENT,
  `exercise_id` int(11) NOT NULL,
  `media_path` varchar(250) NOT NULL,
  PRIMARY KEY (`media_id`),
  UNIQUE KEY `media_id` (`media_id`)
) ENGINE=InnoDB  DEFAULT CHARSET=utf8 AUTO_INCREMENT=5782 ;

--
-- Dumping data for table `media`
--

INSERT INTO `media` (`media_id`, `exercise_id`, `media_path`) VALUES
(1, 1, '"bench-press-medium-1.png"'),
(11, 1, '"bench-press-medium-2.png"'),
(21, 11, '"supermans-medium-1.png"'),
(31, 11, '"supermans-medium-2.png"'),
(41, 21, '"push-ups-medium-1.png"'),
(51, 21, '"push-ups-medium-2.png"'),
(61, 31, '"pull-ups-medium-1.png"'),
(71, 31, '"pull-ups-medium-2.png"'),
(81, 41, '"bridging-medium-1.png"'),
(91, 41, '"bridging-medium-2.png"'),
(101, 51, '"chin-ups-medium-1.png"'),
(111, 51, '"chin-ups-medium-2.png"'),
(121, 61, '"seated-military-press-medium-1.png"'),
(131, 61, '"seated-military-press-medium-2.png"'),
(141, 71, '"close-grip-barbell-bench-press-medium-1.png"'),
(151, 71, '"close-grip-barbell-bench-press-medium-2.png"'),
(161, 81, '"arnold-press-medium-1.png"'),
(171, 81, '"arnold-press-medium-2.png"'),
(181, 91, '"side-plank-medium-1.png"'),
(191, 91, '"side-plank-medium-2.png"'),
(201, 101, '"standing-leg-curls-medium-1.png"'),
(211, 101, '"standing-leg-curls-medium-2.png"'),
(221, 111, '"incline-shoulder-press-dumbbell-medium-1.png"'),
(231, 111, '"incline-shoulder-press-dumbbell-medium-2.png"'),
(241, 121, '"incline-dumbbell-press-medium-1.png"'),
(251, 121, '"incline-dumbbell-press-medium-2.png"'),
(261, 131, '"upright-barbell-rows-medium-1.png"'),
(271, 131, '"upright-barbell-rows-medium-2.png"'),
(281, 141, '"bench-press-dumbbell-medium-1.png"'),
(291, 141, '"bench-press-dumbbell-medium-2.png"'),
(301, 151, '"incline-bench-press-medium-1.png"'),
(311, 151, '"incline-bench-press-medium-2.png"'),
(321, 161, '"shoulder-shrugs-medium-1.png"'),
(331, 161, '"shoulder-shrugs-medium-2.png"'),
(341, 171, '"wide-grip-decline-bench-press-medium-1.png"'),
(351, 171, '"wide-grip-decline-bench-press-medium-2.png"'),
(361, 181, '"hack-squat-machine-medium-1.png"'),
(371, 181, '"hack-squat-machine-medium-2.png"'),
(381, 191, '"t-bar-rows-medium-1.png"'),
(391, 191, '"t-bar-rows-medium-2.png"'),
(401, 201, '"dumbbell-shoulder-press-medium-1.png"'),
(411, 201, '"dumbbell-shoulder-press-medium-2.png"'),
(421, 211, '"cable-crossover-medium-1.png"'),
(431, 211, '"cable-crossover-medium-2.png"'),
(441, 221, '"barbell-squat-medium-1.png"'),
(451, 221, '"barbell-squat-medium-2.png"'),
(461, 231, '"dumbbell-flys-medium-1.png"'),
(471, 231, '"dumbbell-flys-medium-2.png"'),
(481, 241, '"chest-dips-medium-1.png"'),
(491, 241, '"chest-dips-medium-2.png"'),
(501, 251, '"machine-bench-press-medium-1.png"'),
(511, 251, '"machine-bench-press-medium-2.png"'),
(521, 261, '"hyperextensions-medium-1.png"'),
(531, 261, '"hyperextensions-medium-2.png"'),
(541, 271, '"dumbbell-dead-lifts-medium-1.png"'),
(551, 271, '"dumbbell-dead-lifts-medium-2.png"'),
(561, 281, '"front-raises-medium-1.png"'),
(571, 281, '"front-raises-medium-2.png"'),
(581, 291, '"front-cable-raises-medium-1.png"'),
(591, 291, '"front-cable-raises-medium-2.png"'),
(601, 301, '"front-barbell-raises-medium-1.png"'),
(611, 301, '"front-barbell-raises-medium-2.png"'),
(621, 311, '"seated-shoulder-press-machine-medium-1.png"'),
(631, 311, '"seated-shoulder-press-machine-medium-2.png"'),
(641, 321, '"barbell-shrugs-medium-1.png"'),
(651, 321, '"barbell-shrugs-medium-2.png"'),
(661, 331, '"one-arm-upright-row-medium-1.png"'),
(671, 331, '"one-arm-upright-row-medium-2.png"'),
(681, 341, '"flat-bench-leg-raises-medium-1.png"'),
(691, 341, '"flat-bench-leg-raises-medium-2.png"'),
(701, 351, '"smith-machine-shoulder-shrugs-medium-1.png"'),
(711, 351, '"smith-machine-shoulder-shrugs-medium-2.png"'),
(721, 361, '"seated-barbell-shoulder-press-medium-1.png"'),
(731, 361, '"seated-barbell-shoulder-press-medium-2.png"'),
(741, 371, '"flat-bench-cable-flys-medium-1.png"'),
(751, 371, '"flat-bench-cable-flys-medium-2.png"'),
(761, 381, '"body-row-medium-1.png"'),
(771, 381, '"body-row-medium-2.png"'),
(781, 391, '"cuban-dumbbell-press-medium-1.png"'),
(791, 391, '"cuban-dumbbell-press-medium-2.png"'),
(801, 391, '"cuban-dumbbell-press-medium-3.png"'),
(811, 401, '"bent-arm-pullover-medium-1.png"'),
(821, 401, '"bent-arm-pullover-medium-2.png"'),
(831, 411, '"barbell-dead-lifts-medium-1.png"'),
(841, 411, '"barbell-dead-lifts-medium-2.png"'),
(851, 421, '"smith-machine-good-mornings-medium-1.png"'),
(861, 421, '"smith-machine-good-mornings-medium-2.png"'),
(871, 431, '"barbell-good-mornings-medium-1.png"'),
(881, 431, '"barbell-good-mornings-medium-2.png"'),
(891, 441, '"seated-cable-rows-medium-1.png"'),
(901, 441, '"seated-cable-rows-medium-2.png"'),
(911, 451, '"dumbbell-incline-bench-press-medium-1.png"'),
(921, 451, '"dumbbell-incline-bench-press-medium-2.png"'),
(931, 461, '"lateral-dumbbell-raises-medium-1.png"'),
(941, 461, '"lateral-dumbbell-raises-medium-2.png"'),
(951, 471, '"incline-chest-press-medium-1.png"'),
(961, 471, '"incline-chest-press-medium-2.png"'),
(971, 481, '"smith-machine-bench-press-medium-1.png"'),
(981, 481, '"smith-machine-bench-press-medium-2.png"'),
(991, 491, '"smith-machine-squats-medium-1.png"'),
(1001, 491, '"smith-machine-squats-medium-2.png"'),
(1011, 501, '"push-ups-with-feet-on-exercise-ball-medium-1.png"'),
(1021, 501, '"push-ups-with-feet-on-exercise-ball-medium-2.png"'),
(1031, 511, '"smith-machine-incline-bench-press-medium-1.png"'),
(1041, 511, '"smith-machine-incline-bench-press-medium-2.png"'),
(1051, 521, '"push-ups-with-feet-elevated-medium-1.png"'),
(1061, 521, '"push-ups-with-feet-elevated-medium-2.png"'),
(1071, 531, '"front-dumbbell-raise-medium-1.png"'),
(1081, 531, '"front-dumbbell-raise-medium-2.png"'),
(1091, 541, '"smith-machine-dead-lifts-medium-1.png"'),
(1101, 541, '"smith-machine-dead-lifts-medium-2.png"'),
(1111, 551, '"seated-rear-lateral-cable-raise-medium-1.png"'),
(1121, 551, '"seated-rear-lateral-cable-raise-medium-2.png"'),
(1131, 561, '"v-bar-pull-down-medium-1.png"'),
(1141, 561, '"v-bar-pull-down-medium-2.png"'),
(1151, 571, '"dumbbell-raise-medium-1.png"'),
(1161, 571, '"dumbbell-raise-medium-2.png"'),
(1171, 581, '"push-ups-close-and-wide-hand-versions-medium-1.png"'),
(1181, 581, '"push-ups-close-and-wide-hand-versions-medium-2.png"'),
(1191, 591, '"wide-grip-lat-pull-down-medium-1.png"'),
(1201, 591, '"wide-grip-lat-pull-down-medium-2.png"'),
(1211, 601, '"barbell-neck-press-medium-1.png"'),
(1221, 601, '"barbell-neck-press-medium-2.png"'),
(1231, 611, '"decline-barbell-bench-press-medium-1.png"'),
(1241, 611, '"decline-barbell-bench-press-medium-2.png"'),
(1251, 621, '"body-leg-lifts-medium-1.png"'),
(1261, 621, '"body-leg-lifts-medium-2.png"'),
(1271, 631, '"incline-dumbbell-flys-medium-1.png"'),
(1281, 631, '"incline-dumbbell-flys-medium-2.png"'),
(1291, 641, '"back-extension-on-stability-ball-medium-1.png"'),
(1301, 641, '"back-extension-on-stability-ball-medium-2.png"'),
(1311, 651, '"upright-cable-row-medium-1.png"'),
(1321, 651, '"upright-cable-row-medium-2.png"'),
(1331, 661, '"straight-arm-dumbbell-pullover-medium-1.png"'),
(1341, 661, '"straight-arm-dumbbell-pullover-medium-2.png"'),
(1351, 671, '"rear-deltoid-row-dumbbell-medium-1.png"'),
(1361, 671, '"rear-deltoid-row-dumbbell-medium-2.png"'),
(1371, 681, '"stationary-abdominal-draw-in-medium-1.png"'),
(1381, 681, '"stationary-abdominal-draw-in-medium-2.png"'),
(1391, 691, '"hammer-grip-incline-bench-press-medium-1.png"'),
(1401, 691, '"hammer-grip-incline-bench-press-medium-2.png"'),
(1411, 701, '"straight-arm-push-down-medium-1.png"'),
(1421, 701, '"straight-arm-push-down-medium-2.png"'),
(1431, 711, '"smith-machine-rear-deltoid-row-medium-1.png"'),
(1441, 711, '"smith-machine-rear-deltoid-row-medium-2.png"'),
(1451, 721, '"one-arm-bench-press-medium-1.png"'),
(1461, 721, '"one-arm-bench-press-medium-2.png"'),
(1471, 731, '"smith-machine-upright-row-medium-1.png"'),
(1481, 731, '"smith-machine-upright-row-medium-2.png"'),
(1491, 741, '"incline-cable-flys-medium-1.png"'),
(1501, 741, '"incline-cable-flys-medium-2.png"'),
(1511, 751, '"one-arm-dumbbell-shoulder-press-medium-1.png"'),
(1521, 751, '"one-arm-dumbbell-shoulder-press-medium-2.png"'),
(1531, 761, '"static-neck-flexion-and-extension-medium-1.png"'),
(1541, 761, '"static-neck-flexion-and-extension-medium-2.png"'),
(1551, 771, '"decline-dumbbell-bench-press-medium-1.png"'),
(1561, 771, '"decline-dumbbell-bench-press-medium-2.png"'),
(1571, 781, '"static-neck-side-flexion-medium-1.png"'),
(1581, 781, '"static-neck-side-flexion-medium-2.png"'),
(1591, 791, '"decline-chest-press-medium-1.png"'),
(1601, 791, '"decline-chest-press-medium-2.png"'),
(1611, 801, '"reverse-grips-bent-over-barbell-rows-medium-1.png"'),
(1621, 801, '"reverse-grips-bent-over-barbell-rows-medium-2.png"'),
(1631, 811, '"incline-bench-press-with-bands-medium-1.png"'),
(1641, 811, '"incline-bench-press-with-bands-medium-2.png"'),
(1651, 821, '"decline-dumbbell-flys-medium-1.png"'),
(1661, 821, '"decline-dumbbell-flys-medium-2.png"'),
(1671, 831, '"dumbbell-upright-rows-medium-1.png"'),
(1681, 831, '"dumbbell-upright-rows-medium-2.png"'),
(1691, 841, '"tate-press-medium-1.png"'),
(1701, 841, '"tate-press-medium-2.png"'),
(1711, 851, '"wide-grip-chin-up-medium-1.png"'),
(1721, 851, '"wide-grip-chin-up-medium-2.png"'),
(1731, 861, '"narrow-parallel-grip-chin-ups-medium-1.png"'),
(1741, 861, '"narrow-parallel-grip-chin-ups-medium-2.png"'),
(1751, 871, '"dumbbell-bent-arm-pullover-medium-1.png"'),
(1761, 871, '"dumbbell-bent-arm-pullover-medium-2.png"'),
(1771, 881, '"gironda-sternum-chins-medium-1.png"'),
(1781, 881, '"gironda-sternum-chins-medium-2.png"'),
(1791, 891, '"hack-squat-with-barbell-medium-1.png"'),
(1801, 891, '"hack-squat-with-barbell-medium-2.png"'),
(1811, 901, '"rear-deltoid-row-barbell-medium-1.png"'),
(1821, 901, '"rear-deltoid-row-barbell-medium-2.png"'),
(1831, 911, '"one-arm-barbell-floor-press-medium-1.png"'),
(1841, 911, '"one-arm-barbell-floor-press-medium-2.png"'),
(1851, 921, '"cable-shoulder-shrugs-medium-1.png"'),
(1861, 921, '"cable-shoulder-shrugs-medium-2.png"'),
(1871, 931, '"lying-rear-lateral-raise-medium-1.png"'),
(1881, 931, '"lying-rear-lateral-raise-medium-2.png"'),
(1891, 941, '"bent-over-lateral-cable-raises-medium-1.png"'),
(1901, 941, '"bent-over-lateral-cable-raises-medium-2.png"'),
(1911, 951, '"crossover-with-bands-medium-1.png"'),
(1921, 951, '"crossover-with-bands-medium-2.png"'),
(1931, 961, '"one-legged-cable-kickback-medium-1.png"'),
(1941, 961, '"one-legged-cable-kickback-medium-2.png"'),
(1951, 971, '"wide-grip-decline-barbell-pullover-medium-1.png"'),
(1961, 971, '"wide-grip-decline-barbell-pullover-medium-2.png"'),
(1971, 991, '"bosu-ball-push-up-medium-1.png"'),
(1981, 991, '"bosu-ball-push-up-medium-2.png"'),
(1991, 1001, '"barbell-front-raise-and-pullover-medium-1.png"'),
(2001, 1001, '"barbell-front-raise-and-pullover-medium-2.png"'),
(2011, 1011, '"one-armed-biased-push-up-medium-1.png"'),
(2021, 1011, '"one-armed-biased-push-up-medium-2.png"'),
(2031, 1021, '"underhand-pull-downs-medium-1.png"'),
(2041, 1021, '"underhand-pull-downs-medium-2.png"'),
(2051, 1031, '"butterfly-machine-medium-1.png"'),
(2061, 1031, '"butterfly-machine-medium-2.png"'),
(2071, 1041, '"underhand-pull-down-medium-1.png"'),
(2081, 1041, '"underhand-pull-down-medium-2.png"'),
(2091, 1051, '"lying-one-arm-rear-lateral-raise-medium-1.png"'),
(2101, 1051, '"lying-one-arm-rear-lateral-raise-medium-2.png"'),
(2111, 1061, '"pullover-on-stability-ball-with-weight-medium-1.png"'),
(2121, 1061, '"pullover-on-stability-ball-with-weight-medium-2.png"'),
(2131, 1071, '"wide-grip-bench-press-medium-1.png"'),
(2141, 1071, '"wide-grip-bench-press-medium-2.png"'),
(2151, 1081, '"incline-biceps-curl-with-dumbbell-medium-1.png"'),
(2161, 1081, '"incline-biceps-curl-with-dumbbell-medium-2.png"'),
(2171, 1091, '"incline-inner-biceps-curl-with-dumbbell-medium-1.png"'),
(2181, 1091, '"incline-inner-biceps-curl-with-dumbbell-medium-2.png"'),
(2191, 1101, '"overhead-curl-with-cable-medium-1.png"'),
(2201, 1101, '"overhead-curl-with-cable-medium-2.png"'),
(2211, 1111, '"preacher-curl-with-machine-medium-1.png"'),
(2221, 1111, '"preacher-curl-with-machine-medium-2.png"'),
(2231, 1121, '"lying-close-grip-biceps-curls-with-cable-medium-1.png"'),
(2241, 1121, '"lying-close-grip-biceps-curls-with-cable-medium-2.png"'),
(2251, 1131, '"lying-supine-biceps-curl-with-dumbbell-medium-1.png"'),
(2261, 1131, '"lying-supine-biceps-curl-with-dumbbell-medium-2.png"'),
(2271, 1141, '"lying-bicep-cable-curl-medium-1.png"'),
(2281, 1141, '"lying-bicep-cable-curl-medium-2.png"'),
(2291, 1151, '"lying-high-bench-biceps-curl-with-barbell-medium-1.png"'),
(2301, 1151, '"lying-high-bench-biceps-curl-with-barbell-medium-2.png"'),
(2311, 1161, '"one-arm-preacher-curl-with-dumbbell-medium-1.png"'),
(2321, 1161, '"one-arm-preacher-curl-with-dumbbell-medium-2.png"'),
(2331, 1171, '"preacher-curl-with-barbell-medium-1.png"'),
(2341, 1171, '"preacher-curl-with-barbell-medium-2.png"'),
(2351, 1181, '"wide-grip-standing-biceps-curl-with-barbell-medium-1.png"'),
(2361, 1181, '"wide-grip-standing-biceps-curl-with-barbell-medium-2.png"'),
(2371, 1191, '"two-arm-preacher-curl-with-dumbbell-medium-1.png"'),
(2381, 1191, '"two-arm-preacher-curl-with-dumbbell-medium-2.png"'),
(2391, 1201, '"standing-one-arm-bicep-curl-with-cable-medium-1.png"'),
(2401, 1201, '"standing-one-arm-bicep-curl-with-cable-medium-2.png"'),
(2411, 1211, '"standing-inner-biceps-curl-with-dumbbell-medium-1.png"'),
(2421, 1211, '"standing-inner-biceps-curl-with-dumbbell-medium-2.png"'),
(2431, 1221, '"standing-one-arm-curl-over-incline-bench-with-dumbbell-medium-1.png"'),
(2441, 1221, '"standing-one-arm-curl-over-incline-bench-with-dumbbell-medium-2.png"'),
(2451, 1231, '"spider-curl-with-barbell-medium-1.png"'),
(2461, 1231, '"spider-curl-with-barbell-medium-2.png"'),
(2471, 1241, '"seated-inner-biceps-curl-with-dumbbell-medium-1.png"'),
(2481, 1241, '"seated-inner-biceps-curl-with-dumbbell-medium-2.png"'),
(2491, 1251, '"seated-bicep-curl-with-dumbbell-medium-1.png"'),
(2501, 1251, '"seated-bicep-curl-with-dumbbell-medium-2.png"'),
(2511, 1261, '"seated-close-grip-concentration-curls-with-barbell-medium-1.png"'),
(2521, 1261, '"seated-close-grip-concentration-curls-with-barbell-medium-2.png"'),
(2531, 1271, '"reverse-plate-curls-with-weight-medium-1.png"'),
(2541, 1271, '"reverse-plate-curls-with-weight-medium-2.png"'),
(2551, 1281, '"preacher-hammer-curl-with-dumbbell-medium-1.png"'),
(2561, 1281, '"preacher-hammer-curl-with-dumbbell-medium-2.png"'),
(2571, 1291, '"zottman-curl-with-dumbbells-medium-1.png"'),
(2581, 1291, '"zottman-curl-with-dumbbells-medium-2.png"'),
(2591, 1301, '"high-cable-curls-medium-1.png"'),
(2601, 1301, '"high-cable-curls-medium-2.png"'),
(2611, 1311, '"flexor-incline-curls-with-dumbbell-medium-1.png"'),
(2621, 1311, '"flexor-incline-curls-with-dumbbell-medium-2.png"'),
(2631, 1321, '"hammer-curls-with-rope-and-cable-medium-1.png"'),
(2641, 1321, '"hammer-curls-with-rope-and-cable-medium-2.png"'),
(2651, 1331, '"lying-incline-curl-with-barbell-medium-1.png"'),
(2661, 1331, '"lying-incline-curl-with-barbell-medium-2.png"'),
(2671, 1341, '"alternating-incline-curl-with-dumbbell-medium-1.png"'),
(2681, 1341, '"alternating-incline-curl-with-dumbbell-medium-2.png"'),
(2691, 1351, '"alternating-hammer-curl-with-dumbbell-medium-1.png"'),
(2701, 1351, '"alternating-hammer-curl-with-dumbbell-medium-2.png"'),
(2711, 1361, '"standing-biceps-curl-with-cable-medium-1.png"'),
(2721, 1361, '"standing-biceps-curl-with-cable-medium-2.png"'),
(2731, 1371, '"bicep-curls-with-barbell-medium-1.png"'),
(2741, 1371, '"bicep-curls-with-barbell-medium-2.png"'),
(2751, 1381, '"triceps-extensions-using-machine-medium-1.png"'),
(2761, 1381, '"triceps-extensions-using-machine-medium-2.png"'),
(2771, 1391, '"triceps-pushdown-with-v-bar-and-cable-medium-1.png"'),
(2781, 1391, '"triceps-pushdown-with-v-bar-and-cable-medium-2.png"'),
(2791, 1401, '"weighted-ball-side-bend-medium-1.png"'),
(2801, 1401, '"weighted-ball-side-bend-medium-2.png"'),
(2811, 1411, '"preacher-curl-with-cable-medium-1.png"'),
(2821, 1411, '"preacher-curl-with-cable-medium-2.png"'),
(2831, 1421, '"close-grip-ez-bar-curl-with-barbell-medium-1.png"'),
(2841, 1421, '"close-grip-ez-bar-curl-with-barbell-medium-2.png"'),
(2851, 1431, '"bicep-hammer-curl-with-dumbbell-medium-1.png"'),
(2861, 1431, '"bicep-hammer-curl-with-dumbbell-medium-2.png"'),
(2871, 1441, '"ez-bar-curl-with-barbell-medium-1.png"'),
(2881, 1441, '"ez-bar-curl-with-barbell-medium-2.png"'),
(2891, 1451, '"prone-incline-biceps-curl-with-dumbbell-medium-1.png"'),
(2901, 1451, '"prone-incline-biceps-curl-with-dumbbell-medium-2.png"'),
(2911, 1461, '"biceps-curl-with-dumbbell-medium-1.png"'),
(2921, 1461, '"biceps-curl-with-dumbbell-medium-2.png"'),
(2931, 1471, '"alternating-bicep-curl-with-dumbbell-medium-1.png"'),
(2941, 1471, '"alternating-bicep-curl-with-dumbbell-medium-2.png"'),
(2951, 1481, '"drag-curl-with-barbell-medium-1.png"'),
(2961, 1481, '"drag-curl-with-barbell-medium-2.png"'),
(2971, 1491, '"cross-body-hammer-curl-with-dumbbell-medium-1.png"'),
(2981, 1491, '"cross-body-hammer-curl-with-dumbbell-medium-2.png"'),
(2991, 1501, '"concentration-curls-with-dumbbell-medium-1.png"'),
(3001, 1501, '"concentration-curls-with-dumbbell-medium-2.png"'),
(3011, 1511, '"close-grip-standing-bicep-curls-with-barbell-medium-1.png"'),
(3021, 1511, '"close-grip-standing-bicep-curls-with-barbell-medium-2.png"'),
(3031, 1521, '"incline-triceps-extensions-with-dumbbell-medium-1.png"'),
(3041, 1521, '"incline-triceps-extensions-with-dumbbell-medium-2.png"'),
(3051, 1531, '"zottman-preacher-curl-with-dumbbells-medium-1.png"'),
(3061, 1531, '"zottman-preacher-curl-with-dumbbells-medium-2.png"'),
(3071, 1541, '"side-bend-with-dumbbell-medium-1.png"'),
(3081, 1541, '"side-bend-with-dumbbell-medium-2.png"'),
(3091, 1551, '"ab-rollout-with-barbell-medium-1.png"'),
(3101, 1551, '"ab-rollout-with-barbell-medium-2.png"'),
(3111, 1561, '"air-bike-medium-1.png"'),
(3121, 1561, '"air-bike-medium-2.png"'),
(3131, 1581, '"standing-calf-raises-using-machine-medium-1.png"'),
(3141, 1581, '"standing-calf-raises-using-machine-medium-2.png"'),
(3151, 1591, '"standing-barbell-calf-raise-medium-1.png"'),
(3161, 1591, '"standing-barbell-calf-raise-medium-2.png"'),
(3171, 1601, '"smith-machine-reverse-calf-raises-medium-1.png"'),
(3181, 1601, '"smith-machine-reverse-calf-raises-medium-2.png"'),
(3191, 1611, '"seated-calf-raise-using-machine-medium-1.png"'),
(3201, 1611, '"seated-calf-raise-using-machine-medium-2.png"'),
(3211, 1621, '"rocking-standing-calf-raise-with-barbell-medium-1.png"'),
(3221, 1621, '"rocking-standing-calf-raise-with-barbell-medium-2.png"'),
(3231, 1631, '"knee-circles-medium-1.png"'),
(3241, 1631, '"knee-circles-medium-2.png"'),
(3251, 1641, '"ab-rollout-on-knees-with-barbell-medium-1.png"'),
(3261, 1641, '"ab-rollout-on-knees-with-barbell-medium-2.png"'),
(3271, 1651, '"bent-knee-hip-raise-medium-1.png"'),
(3281, 1651, '"bent-knee-hip-raise-medium-2.png"'),
(3291, 1661, '"stability-ball-abdominal-crunch-medium-1.png"'),
(3301, 1661, '"stability-ball-abdominal-crunch-medium-2.png"'),
(3311, 1671, '"decline-oblique-crunch-medium-1.png"'),
(3321, 1671, '"decline-oblique-crunch-medium-2.png"'),
(3331, 1681, '"decline-crunch-medium-1.png"'),
(3341, 1681, '"decline-crunch-medium-2.png"'),
(3351, 1691, '"exercise-ball-pull-in-medium-1.png"'),
(3361, 1691, '"exercise-ball-pull-in-medium-2.png"'),
(3371, 1711, '"crunches-medium-1.png"'),
(3381, 1711, '"crunches-medium-2.png"'),
(3391, 1721, '"crunches-with-legs-on-stability-ball-medium-1.png"'),
(3401, 1721, '"crunches-with-legs-on-stability-ball-medium-2.png"'),
(3411, 1731, '"cross-body-crunch-medium-1.png"'),
(3421, 1731, '"cross-body-crunch-medium-2.png"'),
(3431, 1741, '"seated-ab-crunch-with-cable-medium-1.png"'),
(3441, 1741, '"seated-ab-crunch-with-cable-medium-2.png"'),
(3451, 1751, '"seated-one-leg-calf-raise-with-dumbbell-medium-1.png"'),
(3461, 1751, '"seated-one-leg-calf-raise-with-dumbbell-medium-2.png"'),
(3471, 1761, '"donkey-calf-raises-medium-1.png"'),
(3481, 1761, '"donkey-calf-raises-medium-2.png"'),
(3491, 1771, '"calf-raises-with-band-medium-1.png"'),
(3501, 1771, '"calf-raises-with-band-medium-2.png"'),
(3511, 1781, '"bicep-curl-lunge-with-bowling-motion-medium-1.png"'),
(3521, 1781, '"bicep-curl-lunge-with-bowling-motion-medium-2.png"'),
(3531, 1791, '"quick-alternating-bicep-curls-with-band-medium-1.png"'),
(3541, 1791, '"quick-alternating-bicep-curls-with-band-medium-2.png"'),
(3551, 1801, '"biceps-curl-with-overhead-extension-using-dumbbells-on-stability-ball-medium-1.png"'),
(3561, 1801, '"biceps-curl-with-overhead-extension-using-dumbbells-on-stability-ball-medium-2.png"'),
(3571, 1811, '"bicep-curl-with-deadlift-with-barbell-medium-1.png"'),
(3581, 1811, '"bicep-curl-with-deadlift-with-barbell-medium-2.png"'),
(3591, 1821, '"one-arm-bicep-concentration-on-stability-ball-with-dumbbell-medium-1.png"'),
(3601, 1821, '"one-arm-bicep-concentration-on-stability-ball-with-dumbbell-medium-2.png"'),
(3611, 1831, '"biceps-curl-reverse-with-dumbbells-medium-1.png"'),
(3621, 1831, '"biceps-curl-reverse-with-dumbbells-medium-2.png"'),
(3631, 1841, '"biceps-curl-squat-with-dumbbell-medium-1.png"'),
(3641, 1841, '"biceps-curl-squat-with-dumbbell-medium-2.png"'),
(3651, 1851, '"biceps-curl-seated-on-stability-ball-with-dumbbell-medium-1.png"'),
(3661, 1851, '"biceps-curl-seated-on-stability-ball-with-dumbbell-medium-2.png"'),
(3671, 1861, '"one-arm-bicep-curl-with-olympic-bar-or-barbell-medium-1.png"'),
(3681, 1861, '"one-arm-bicep-curl-with-olympic-bar-or-barbell-medium-2.png"'),
(3691, 1871, '"bicep-curl-on-stability-ball-with-leg-raised-medium-1.png"'),
(3701, 1871, '"bicep-curl-on-stability-ball-with-leg-raised-medium-2.png"'),
(3711, 1881, '"lateral-lunge-with-bicep-curl-with-dumbbell-medium-1.png"'),
(3721, 1881, '"lateral-lunge-with-bicep-curl-with-dumbbell-medium-2.png"'),
(3731, 1891, '"calves-press-on-leg-machine-medium-1.png"'),
(3741, 1891, '"calves-press-on-leg-machine-medium-2.png"'),
(3751, 1901, '"seated-calf-raise-with-barbell-medium-1.png"'),
(3761, 1901, '"seated-calf-raise-with-barbell-medium-2.png"'),
(3771, 1911, '"balance-board-medium-1.png"'),
(3781, 1911, '"balance-board-medium-2.png"'),
(3791, 1921, '"ankle-circles-medium-1.png"'),
(3801, 1921, '"ankle-circles-medium-2.png"'),
(3811, 1931, '"biceps-curl-v-sit-on-dome-with-dumbbells-medium-1.png"'),
(3821, 1931, '"biceps-curl-v-sit-on-dome-with-dumbbells-medium-2.png"'),
(3831, 1941, '"stork-stance-bicep-curl-with-dumbbells-medium-1.png"'),
(3841, 1941, '"stork-stance-bicep-curl-with-dumbbells-medium-2.png"'),
(3851, 1951, '"medicine-ball-biceps-curl-on-stability-ball-medium-1.png"'),
(3861, 1951, '"medicine-ball-biceps-curl-on-stability-ball-medium-2.png"'),
(3871, 1961, '"step-up-single-leg-balance-with-bicep-curl-using-dumbbells-medium-1.png"'),
(3881, 1961, '"step-up-single-leg-balance-with-bicep-curl-using-dumbbells-medium-2.png"'),
(3891, 1961, '"step-up-single-leg-balance-with-bicep-curl-using-dumbbells-medium-3.png"'),
(3901, 1971, '"forward-lunge-with-bicep-curl-using-dumbbell-medium-1.png"'),
(3911, 1971, '"forward-lunge-with-bicep-curl-using-dumbbell-medium-2.png"'),
(3921, 1971, '"forward-lunge-with-bicep-curl-using-dumbbell-medium-3.png"'),
(3931, 1981, '"bicep-curl-with-machine-medium-1.png"'),
(3941, 1981, '"bicep-curl-with-machine-medium-2.png"'),
(3951, 1991, '"wide-stance-squat-with-barbell-medium-1.png"'),
(3961, 1991, '"wide-stance-squat-with-barbell-medium-2.png"'),
(3971, 2001, '"narrow-stance-hack-squats-medium-1.png"'),
(3981, 2001, '"narrow-stance-hack-squats-medium-2.png"'),
(3991, 2011, '"lying-squat-medium-1.png"'),
(4001, 2011, '"lying-squat-medium-2.png"'),
(4011, 2021, '"narrow-stance-leg-press-medium-1.png"'),
(4021, 2021, '"narrow-stance-leg-press-medium-2.png"'),
(4031, 2031, '"leg-extensions-medium-1.png"'),
(4041, 2031, '"leg-extensions-medium-2.png"'),
(4051, 2041, '"jefferson-squats-with-barbell-medium-1.png"'),
(4061, 2041, '"jefferson-squats-with-barbell-medium-2.png"'),
(4071, 2051, '"iron-cross-with-dumbbells-medium-1.png"'),
(4081, 2051, '"iron-cross-with-dumbbells-medium-2.png"'),
(4091, 2061, '"front-squat-to-bench-with-barbells-medium-1.png"'),
(4101, 2061, '"front-squat-to-bench-with-barbells-medium-2.png"'),
(4111, 2071, '"front-squat-with-barbell-medium-1.png"'),
(4121, 2071, '"front-squat-with-barbell-medium-2.png"'),
(4131, 2081, '"step-ups-with-dumbbells-medium-1.png"'),
(4141, 2081, '"step-ups-with-dumbbells-medium-2.png"'),
(4151, 2081, '"step-ups-with-dumbbells-medium-3.png"'),
(4161, 2091, '"narrow-stance-squat-with-barbell-medium-1.png"'),
(4171, 2091, '"narrow-stance-squat-with-barbell-medium-2.png"'),
(4181, 2101, '"one-leg-squat-with-barbell-medium-1.png"'),
(4191, 2101, '"one-leg-squat-with-barbell-medium-2.png"'),
(4201, 2111, '"weighted-sissy-squat-with-weight-plate-medium-1.png"'),
(4211, 2111, '"weighted-sissy-squat-with-weight-plate-medium-2.png"'),
(4221, 2121, '"thigh-adductor-medium-1.png"'),
(4231, 2121, '"thigh-adductor-medium-2.png"'),
(4241, 2131, '"thigh-abductor-medium-1.png"'),
(4251, 2131, '"thigh-abductor-medium-2.png"'),
(4261, 2141, '"squats-with-exercise-bands-medium-1.png"'),
(4271, 2141, '"squats-with-exercise-bands-medium-2.png"'),
(4281, 2151, '"speed-squats-with-barbell-medium-1.png"'),
(4291, 2151, '"speed-squats-with-barbell-medium-2.png"'),
(4301, 2161, '"pile-squat-with-dumbbell-medium-1.png"'),
(4311, 2161, '"pile-squat-with-dumbbell-medium-2.png"'),
(4321, 2171, '"overhead-squat-with-barbell-medium-1.png"'),
(4331, 2171, '"overhead-squat-with-barbell-medium-2.png"'),
(4341, 2181, '"one-arm-side-deadlift-with-barbell-medium-1.png"'),
(4351, 2181, '"one-arm-side-deadlift-with-barbell-medium-2.png"'),
(4361, 2191, '"one-arm-snatch-with-barbell-medium-1.png"'),
(4371, 2191, '"one-arm-snatch-with-barbell-medium-2.png"'),
(4381, 2201, '"squat-to-bench-with-dumbbells-medium-1.png"'),
(4391, 2201, '"squat-to-bench-with-dumbbells-medium-2.png"'),
(4401, 2211, '"hip-adduction-medium-1.png"'),
(4411, 2211, '"hip-adduction-medium-2.png"'),
(4421, 2221, '"step-ups-with-barbell-medium-1.png"'),
(4431, 2221, '"step-ups-with-barbell-medium-2.png"'),
(4441, 2221, '"step-ups-with-barbell-medium-3.png"'),
(4451, 2231, '"lying-leg-curl-machine-medium-1.png"'),
(4461, 2231, '"lying-leg-curl-machine-medium-2.png"'),
(4471, 2241, '"flutter-kicks-medium-1.png"'),
(4481, 2241, '"flutter-kicks-medium-2.png"'),
(4491, 2251, '"dumbbell-lunges-medium-1.png"'),
(4501, 2251, '"dumbbell-lunges-medium-2.png"'),
(4511, 2261, '"barbell-lunges-medium-1.png"'),
(4521, 2261, '"barbell-lunges-medium-2.png"'),
(4531, 2271, '"upright-band-rows-medium-1.png"'),
(4541, 2271, '"upright-band-rows-medium-2.png"'),
(4551, 2281, '"one-arm-flat-bench-flys-medium-1.png"'),
(4561, 2281, '"one-arm-flat-bench-flys-medium-2.png"'),
(4571, 2291, '"internal-cable-rotation-medium-1.png"'),
(4581, 2291, '"internal-cable-rotation-medium-2.png"'),
(4591, 2301, '"bent-over-rear-deltoid-raise-with-head-on-bench-medium-1.png"'),
(4601, 2301, '"bent-over-rear-deltoid-raise-with-head-on-bench-medium-2.png"'),
(4611, 2311, '"back-flys-with-exercise-band-medium-1.png"'),
(4621, 2311, '"back-flys-with-exercise-band-medium-2.png"'),
(4631, 2321, '"romanian-dead-lift-medium-1.png"'),
(4641, 2321, '"romanian-dead-lift-medium-2.png"'),
(4651, 2331, '"seated-leg-curl-medium-1.png"'),
(4661, 2331, '"seated-leg-curl-medium-2.png"'),
(4671, 2341, '"squat-to-bench-with-barbell-medium-1.png"'),
(4681, 2341, '"squat-to-bench-with-barbell-medium-2.png"'),
(4691, 2351, '"single-leg-squat-with-barbell-medium-1.png"'),
(4701, 2351, '"single-leg-squat-with-barbell-medium-2.png"'),
(4711, 2361, '"side-squats-with-barbell-medium-1.png"'),
(4721, 2361, '"side-squats-with-barbell-medium-2.png"'),
(4731, 2371, '"squats-using-dumbbells-medium-1.png"'),
(4741, 2371, '"squats-using-dumbbells-medium-2.png"'),
(4751, 2381, '"rear-lunges-with-dumbbell-medium-1.png"'),
(4761, 2381, '"rear-lunges-with-dumbbell-medium-2.png"'),
(4771, 2391, '"rear-lunges-with-barbell-medium-1.png"'),
(4781, 2391, '"rear-lunges-with-barbell-medium-2.png"'),
(4791, 2401, '"leg-press-medium-1.png"'),
(4801, 2401, '"leg-press-medium-2.png"'),
(4811, 2411, '"smith-machine-hack-squat-medium-1.png"'),
(4821, 2411, '"smith-machine-hack-squat-medium-2.png"'),
(4831, 2421, '"walking-lunges-medium-1.png"'),
(4841, 2421, '"walking-lunges-medium-2.png"'),
(4851, 2421, '"walking-lunges-medium-3.png"'),
(4861, 2421, '"walking-lunges-medium-4.png"'),
(4871, 2431, '"ball-wall-circles-medium-1.png"'),
(4881, 2431, '"ball-wall-circles-medium-2.png"'),
(4891, 2441, '"zecher-squats-medium-1.png"'),
(4901, 2441, '"zecher-squats-medium-2.png"'),
(4911, 2451, '"triceps-pushdown-with-rope-and-cable-medium-1.png"'),
(4921, 2451, '"triceps-pushdown-with-rope-and-cable-medium-2.png"'),
(4931, 2461, '"seated-triceps-press-with-dumbbell-medium-1.png"'),
(4941, 2461, '"seated-triceps-press-with-dumbbell-medium-2.png"'),
(4951, 2471, '"seated-overhead-triceps-extension-with-barbell-medium-1.png"'),
(4961, 2471, '"seated-overhead-triceps-extension-with-barbell-medium-2.png"'),
(4971, 2481, '"seated-two-arm-triceps-extension-with-dumbbell-medium-1.png"'),
(4981, 2481, '"seated-two-arm-triceps-extension-with-dumbbell-medium-2.png"'),
(4991, 2491, '"seated-one-arm-triceps-extension-with-dumbbell-medium-1.png"'),
(5001, 2491, '"seated-one-arm-triceps-extension-with-dumbbell-medium-2.png"'),
(5011, 2501, '"reverse-triceps-bench-press-with-barbell-medium-1.png"'),
(5021, 2501, '"reverse-triceps-bench-press-with-barbell-medium-2.png"'),
(5031, 2511, '"reverse-grip-triceps-pushdown-medium-1.png"'),
(5041, 2511, '"reverse-grip-triceps-pushdown-medium-2.png"'),
(5051, 2521, '"close-triceps-pushup-medium-1.png"'),
(5061, 2521, '"close-triceps-pushup-medium-2.png"'),
(5071, 2531, '"single-arm-supinated-triceps-extension-with-dumbbell-medium-1.png"'),
(5081, 2531, '"single-arm-supinated-triceps-extension-with-dumbbell-medium-2.png"'),
(5091, 2541, '"single-arm-pronated-triceps-extension-with-dumbbell-medium-1.png"'),
(5101, 2541, '"single-arm-pronated-triceps-extension-with-dumbbell-medium-2.png"'),
(5111, 2551, '"smith-machine-close-grip-bench-press-medium-1.png"'),
(5121, 2551, '"smith-machine-close-grip-bench-press-medium-2.png"'),
(5131, 2561, '"bent-over-one-arm-triceps-extension-with-dumbbell-medium-1.png"'),
(5141, 2561, '"bent-over-one-arm-triceps-extension-with-dumbbell-medium-2.png"'),
(5151, 2571, '"triceps-pushdown-with-cable-medium-1.png"'),
(5161, 2571, '"triceps-pushdown-with-cable-medium-2.png"'),
(5171, 2581, '"triceps-kickback-with-dumbbell-medium-1.png"'),
(5181, 2581, '"triceps-kickback-with-dumbbell-medium-2.png"'),
(5191, 2591, '"tate-press-with-dumbbell-medium-1.png"'),
(5201, 2591, '"tate-press-with-dumbbell-medium-2.png"'),
(5211, 2601, '"standing-triceps-extension-with-towel-medium-1.png"'),
(5221, 2601, '"standing-triceps-extension-with-towel-medium-2.png"'),
(5231, 2611, '"standing-overhead-triceps-extension-with-barbell-medium-1.png"'),
(5241, 2611, '"standing-overhead-triceps-extension-with-barbell-medium-2.png"'),
(5251, 2621, '"standing-one-arm-triceps-extension-with-dumbbell-medium-1.png"'),
(5261, 2621, '"standing-one-arm-triceps-extension-with-dumbbell-medium-2.png"'),
(5271, 2631, '"one-arm-low-pulley-triceps-extension-with-cable-medium-1.png"'),
(5281, 2631, '"one-arm-low-pulley-triceps-extension-with-cable-medium-2.png"'),
(5291, 2641, '"standing-triceps-extension-medium-1.png"'),
(5301, 2641, '"standing-triceps-extension-medium-2.png"'),
(5311, 2651, '"bent-over-two-arm-triceps-extension-with-dumbbell-medium-1.png"'),
(5321, 2651, '"bent-over-two-arm-triceps-extension-with-dumbbell-medium-2.png"'),
(5331, 2661, '"old-school-reverse-extensions-medium-1.png"'),
(5341, 2661, '"old-school-reverse-extensions-medium-2.png"'),
(5351, 2671, '"lying-two-arm-triceps-extension-with-dumbbell-medium-1.png"'),
(5361, 2671, '"lying-two-arm-triceps-extension-with-dumbbell-medium-2.png"'),
(5371, 2681, '"lying-triceps-press-with-barbell-medium-1.png"'),
(5381, 2681, '"lying-triceps-press-with-barbell-medium-2.png"'),
(5391, 2691, '"tricep-dips-using-machine-medium-1.png"'),
(5401, 2691, '"tricep-dips-using-machine-medium-2.png"'),
(5411, 2701, '"decline-ez-bar-triceps-extension-with-barbell-medium-1.png"'),
(5421, 2701, '"decline-ez-bar-triceps-extension-with-barbell-medium-2.png"'),
(5431, 2711, '"decline-triceps-extension-with-dumbbell-medium-1.png"'),
(5441, 2711, '"decline-triceps-extension-with-dumbbell-medium-2.png"'),
(5451, 2721, '"decline-close-grip-bench-to-skull-crusher-medium-1.png"'),
(5461, 2721, '"decline-close-grip-bench-to-skull-crusher-medium-2.png"'),
(5471, 2731, '"one-arm-tricep-extension-with-cable-medium-1.png"'),
(5481, 2731, '"one-arm-tricep-extension-with-cable-medium-2.png"'),
(5491, 2741, '"lying-tricep-extension-with-cable-medium-1.png"'),
(5501, 2741, '"lying-tricep-extension-with-cable-medium-2.png"'),
(5511, 2751, '"incline-triceps-extension-with-cable-medium-1.png"'),
(5521, 2751, '"incline-triceps-extension-with-cable-medium-2.png"'),
(5531, 2761, '"incline-pushdown-with-cable-medium-1.png"'),
(5541, 2761, '"incline-pushdown-with-cable-medium-2.png"'),
(5551, 2771, '"tricep-dips-using-body-weight-medium-1.png"'),
(5561, 2771, '"tricep-dips-using-body-weight-medium-2.png"'),
(5571, 2781, '"one-arm-triceps-extension-with-dumbbell-medium-1.png"'),
(5581, 2781, '"one-arm-triceps-extension-with-dumbbell-medium-2.png"'),
(5591, 2791, '"lying-triceps-extension-across-face-with-dumbbell-medium-1.png"'),
(5601, 2791, '"lying-triceps-extension-across-face-with-dumbbell-medium-2.png"'),
(5611, 2801, '"lying-triceps-extension-with-dumbbells-medium-1.png"'),
(5621, 2801, '"lying-triceps-extension-with-dumbbells-medium-2.png"'),
(5631, 2811, '"lying-close-grip-triceps-press-to-chin-with-barbell-medium-1.png"'),
(5641, 2811, '"lying-close-grip-triceps-press-to-chin-with-barbell-medium-2.png"'),
(5651, 2821, '"lying-close-grip-triceps-extension-behind-the-head-with-barbell-medium-1.png"'),
(5661, 2821, '"lying-close-grip-triceps-extension-behind-the-head-with-barbell-medium-2.png"'),
(5671, 2831, '"low-triceps-extension-with-cable-medium-1.png"'),
(5681, 2831, '"low-triceps-extension-with-cable-medium-2.png"'),
(5691, 2841, '"kneeling-triceps-extension-with-cable-medium-1.png"'),
(5701, 2841, '"kneeling-triceps-extension-with-cable-medium-2.png"'),
(5711, 2851, '"kneeling-triceps-concentration-extension-with-cable-medium-1.png"'),
(5721, 2851, '"kneeling-triceps-concentration-extension-with-cable-medium-2.png"'),
(5731, 2861, '"jm-press-medium-1.png"'),
(5741, 2861, '"jm-press-medium-2.png"'),
(5751, 2871, '"incline-triceps-extension-with-barbell-medium-1.png"'),
(5761, 2871, '"incline-triceps-extension-with-barbell-medium-2.png"'),
(5771, 2881, '"bench-dips-medium-1.png"'),
(5781, 2881, '"bench-dips-medium-2.png"');

-- --------------------------------------------------------

--
-- Table structure for table `muscle_groups`
--

CREATE TABLE IF NOT EXISTS `muscle_groups` (
  `muscle_group_id` bigint(20) unsigned NOT NULL AUTO_INCREMENT,
  `title` varchar(40) NOT NULL,
  PRIMARY KEY (`muscle_group_id`),
  UNIQUE KEY `muscle_group_id` (`muscle_group_id`)
) ENGINE=InnoDB  DEFAULT CHARSET=utf8 AUTO_INCREMENT=322 ;

--
-- Dumping data for table `muscle_groups`
--

INSERT INTO `muscle_groups` (`muscle_group_id`, `title`) VALUES
(1, 'chest'),
(11, 'triceps'),
(21, 'lower back'),
(31, 'core'),
(41, 'shoulders'),
(51, 'lats'),
(61, 'biceps'),
(71, 'middle back'),
(81, 'gluts'),
(91, 'hamstrings'),
(101, 'upper back'),
(111, 'trapezius'),
(121, 'quadriceps'),
(131, 'calves'),
(141, 'hamstring'),
(151, 'forearm'),
(161, 'forerm'),
(171, 'lower abdominals'),
(181, 'back'),
(191, 'neck'),
(201, 'lateral deltoid'),
(211, 'posterior deltoid'),
(221, 'abdominals'),
(231, 'rear deltoid'),
(241, 'neck extensors'),
(251, 'neck flexors'),
(261, 'neck side flexors'),
(271, 'bicpes'),
(281, 'obliques'),
(291, 'arms'),
(301, 'glutes'),
(311, 'should'),
(321, 'hip abductors');

-- --------------------------------------------------------

--
-- Table structure for table `muscle_groups_exercise`
--

CREATE TABLE IF NOT EXISTS `muscle_groups_exercise` (
  `muscle_group_id` int(11) NOT NULL,
  `exercise_id` int(11) NOT NULL,
  `primary_muscle` tinyint(1) NOT NULL
) ENGINE=InnoDB DEFAULT CHARSET=utf8;

--
-- Dumping data for table `muscle_groups_exercise`
--

INSERT INTO `muscle_groups_exercise` (`muscle_group_id`, `exercise_id`, `primary_muscle`) VALUES
(1, 1, 1),
(1, 11, 0),
(11, 21, 1),
(11, 31, 0),
(21, 1, 1),
(21, 41, 0),
(21, 11, 0),
(31, 51, 1),
(31, 61, 0),
(31, 71, 0),
(41, 81, 1),
(41, 31, 0),
(51, 51, 1),
(51, 61, 0),
(51, 71, 0),
(61, 41, 1),
(61, 11, 0),
(71, 1, 1),
(71, 41, 0),
(71, 11, 0),
(81, 41, 1),
(81, 11, 0),
(91, 31, 1),
(101, 91, 1),
(111, 41, 1),
(121, 1, 1),
(121, 41, 0),
(121, 11, 0),
(131, 41, 1),
(131, 61, 0),
(131, 101, 0),
(141, 1, 1),
(141, 41, 0),
(141, 11, 0),
(151, 1, 1),
(151, 11, 0),
(161, 111, 1),
(171, 1, 1),
(171, 41, 0),
(171, 11, 0),
(181, 121, 1),
(181, 131, 0),
(181, 91, 0),
(191, 71, 1),
(191, 61, 0),
(191, 41, 0),
(201, 41, 1),
(201, 1, 0),
(201, 11, 0),
(211, 1, 1),
(211, 41, 0),
(221, 121, 1),
(221, 91, 0),
(231, 1, 1),
(231, 41, 0),
(231, 11, 0),
(241, 1, 1),
(241, 41, 0),
(241, 11, 0),
(251, 1, 1),
(251, 41, 0),
(251, 11, 0),
(261, 21, 1),
(261, 31, 0),
(261, 91, 0),
(271, 21, 1),
(271, 131, 0),
(271, 141, 0),
(281, 41, 1),
(281, 1, 0),
(281, 151, 0),
(291, 41, 1),
(291, 1, 0),
(291, 151, 0),
(301, 41, 1),
(301, 1, 0),
(301, 161, 0),
(311, 41, 1),
(311, 11, 0),
(321, 111, 1),
(331, 41, 1),
(331, 111, 0),
(341, 171, 1),
(351, 41, 1),
(361, 41, 1),
(361, 1, 0),
(361, 11, 0),
(371, 1, 1),
(371, 41, 0),
(381, 1, 1),
(381, 181, 0),
(381, 31, 0),
(381, 191, 0),
(391, 41, 1),
(391, 71, 0),
(401, 1, 1),
(401, 51, 0),
(401, 41, 0),
(401, 11, 0),
(411, 21, 1),
(411, 131, 0),
(411, 91, 0),
(421, 21, 1),
(421, 91, 0),
(431, 21, 1),
(431, 91, 0),
(441, 71, 1),
(441, 61, 0),
(441, 21, 0),
(451, 1, 1),
(451, 41, 0),
(451, 11, 0),
(461, 201, 1),
(461, 151, 0),
(461, 41, 0),
(471, 1, 1),
(471, 41, 0),
(471, 11, 0),
(481, 1, 1),
(481, 41, 0),
(481, 11, 0),
(491, 121, 1),
(491, 131, 0),
(491, 81, 0),
(491, 91, 0),
(501, 1, 1),
(501, 41, 0),
(501, 11, 0),
(511, 1, 1),
(511, 41, 0),
(511, 11, 0),
(521, 1, 1),
(521, 41, 0),
(521, 11, 0),
(531, 41, 1),
(541, 21, 1),
(541, 131, 0),
(541, 91, 0),
(551, 41, 1),
(561, 51, 1),
(561, 61, 0),
(561, 71, 0),
(571, 41, 1),
(571, 61, 0),
(581, 1, 1),
(581, 31, 0),
(581, 41, 0),
(581, 11, 0),
(591, 51, 1),
(591, 61, 0),
(591, 71, 0),
(601, 1, 1),
(601, 61, 0),
(611, 1, 1),
(611, 41, 0),
(611, 11, 0),
(621, 81, 1),
(621, 141, 0),
(631, 1, 1),
(631, 41, 0),
(641, 21, 1),
(641, 31, 0),
(641, 91, 0),
(651, 41, 1),
(651, 61, 0),
(651, 101, 0),
(661, 1, 1),
(661, 51, 0),
(661, 41, 0),
(661, 11, 0),
(671, 211, 1),
(671, 61, 0),
(671, 201, 0),
(671, 111, 0),
(681, 221, 1),
(681, 31, 0),
(691, 1, 1),
(691, 41, 0),
(691, 11, 0),
(701, 51, 1),
(701, 11, 0),
(711, 231, 1),
(711, 181, 0),
(711, 61, 0),
(711, 41, 0),
(721, 1, 1),
(721, 41, 0),
(721, 11, 0),
(731, 41, 1),
(731, 61, 0),
(731, 101, 0),
(741, 1, 1),
(741, 61, 0),
(741, 151, 0),
(741, 11, 0),
(751, 41, 1),
(751, 61, 0),
(751, 11, 0),
(761, 241, 1),
(761, 251, 1),
(771, 1, 1),
(771, 41, 0),
(771, 11, 0),
(781, 261, 1),
(791, 1, 1),
(791, 41, 0),
(791, 11, 0),
(801, 71, 1),
(801, 61, 0),
(811, 1, 1),
(811, 61, 0),
(821, 1, 1),
(821, 41, 0),
(831, 41, 1),
(831, 61, 0),
(831, 101, 0),
(841, 11, 1),
(851, 181, 1),
(851, 61, 0),
(851, 191, 0),
(861, 51, 1),
(861, 41, 1),
(861, 181, 0),
(861, 31, 0),
(871, 1, 1),
(871, 51, 0),
(871, 41, 0),
(871, 11, 0),
(881, 51, 1),
(881, 61, 0),
(881, 71, 0),
(891, 121, 1),
(891, 91, 0),
(901, 41, 1),
(901, 61, 0),
(911, 1, 1),
(911, 11, 0),
(921, 111, 1),
(921, 41, 0),
(931, 41, 1),
(941, 41, 1),
(941, 71, 0),
(941, 111, 0),
(951, 1, 1),
(951, 61, 0),
(951, 41, 0),
(961, 81, 1),
(961, 141, 0),
(971, 1, 1),
(971, 41, 0),
(971, 11, 0),
(981, 1, 1),
(981, 41, 0),
(991, 1, 1),
(991, 31, 0),
(991, 41, 0),
(991, 11, 0),
(1001, 1, 1),
(1001, 41, 0),
(1001, 11, 0),
(1011, 1, 1),
(1011, 271, 0),
(1011, 31, 0),
(1011, 41, 0),
(1011, 11, 0),
(1021, 51, 1),
(1021, 61, 0),
(1031, 1, 1),
(1041, 51, 1),
(1041, 61, 0),
(1051, 41, 1),
(1061, 41, 1),
(1061, 181, 0),
(1061, 191, 0),
(1071, 1, 1),
(1071, 41, 0),
(1071, 11, 0),
(1081, 61, 1),
(1091, 61, 1),
(1101, 61, 1),
(1111, 61, 1),
(1111, 151, 0),
(1121, 61, 1),
(1131, 61, 1),
(1141, 61, 1),
(1141, 151, 0),
(1151, 61, 1),
(1161, 61, 1),
(1161, 151, 0),
(1171, 61, 1),
(1171, 151, 0),
(1181, 61, 1),
(1181, 151, 0),
(1191, 61, 1),
(1191, 151, 0),
(1201, 61, 1),
(1201, 151, 0),
(1211, 61, 1),
(1211, 151, 0),
(1221, 61, 1),
(1221, 151, 0),
(1231, 61, 1),
(1241, 61, 1),
(1241, 151, 0),
(1251, 61, 1),
(1251, 151, 0),
(1261, 61, 1),
(1271, 61, 1),
(1271, 151, 0),
(1281, 61, 1),
(1291, 61, 1),
(1291, 151, 0),
(1301, 61, 1),
(1301, 11, 0),
(1311, 61, 1),
(1321, 61, 1),
(1331, 61, 1),
(1341, 61, 1),
(1351, 61, 1),
(1351, 151, 0),
(1361, 61, 1),
(1361, 151, 0),
(1361, 41, 0),
(1371, 61, 1),
(1371, 151, 0),
(1371, 41, 0),
(1381, 11, 1),
(1391, 11, 1),
(1401, 281, 1),
(1411, 61, 1),
(1411, 151, 0),
(1421, 61, 1),
(1421, 151, 0),
(1431, 61, 1),
(1441, 61, 1),
(1441, 151, 0),
(1451, 61, 1),
(1461, 61, 1),
(1461, 151, 0),
(1471, 61, 1),
(1471, 151, 0),
(1481, 61, 1),
(1481, 151, 0),
(1491, 61, 1),
(1491, 151, 0),
(1501, 61, 1),
(1501, 151, 0),
(1511, 61, 1),
(1511, 151, 0),
(1521, 11, 1),
(1521, 41, 0),
(1531, 61, 1),
(1531, 151, 0),
(1541, 221, 1),
(1551, 221, 1),
(1551, 21, 0),
(1551, 41, 0),
(1561, 221, 1),
(1571, 131, 1),
(1581, 131, 1),
(1591, 131, 1),
(1601, 131, 1),
(1611, 131, 1),
(1621, 131, 1),
(1631, 131, 1),
(1631, 91, 0),
(1641, 221, 1),
(1641, 21, 0),
(1641, 41, 0),
(1651, 221, 1),
(1661, 221, 1),
(1671, 221, 1),
(1681, 221, 1),
(1691, 221, 1),
(1701, 71, 1),
(1701, 61, 0),
(1711, 221, 1),
(1721, 221, 1),
(1731, 221, 1),
(1741, 221, 1),
(1751, 131, 1),
(1761, 131, 1),
(1771, 131, 1),
(1781, 291, 1),
(1781, 131, 0),
(1781, 301, 0),
(1781, 91, 0),
(1781, 121, 0),
(1781, 11, 0),
(1791, 61, 1),
(1791, 11, 0),
(1801, 61, 1),
(1801, 11, 1),
(1801, 151, 0),
(1801, 311, 0),
(1811, 61, 1),
(1811, 131, 0),
(1811, 91, 0),
(1811, 21, 0),
(1821, 61, 1),
(1821, 151, 0),
(1831, 61, 1),
(1831, 151, 0),
(1841, 61, 1),
(1841, 301, 0),
(1841, 91, 0),
(1851, 61, 1),
(1851, 151, 0),
(1861, 61, 1),
(1861, 151, 0),
(1871, 61, 1),
(1871, 131, 0),
(1871, 151, 0),
(1871, 141, 0),
(1871, 121, 0),
(1881, 61, 1),
(1881, 121, 1),
(1881, 131, 0),
(1881, 151, 0),
(1881, 301, 0),
(1881, 91, 0),
(1881, 321, 0),
(1891, 131, 1),
(1901, 131, 1),
(1911, 131, 1),
(1911, 141, 0),
(1911, 121, 0),
(1921, 131, 1),
(1931, 61, 1),
(1931, 221, 0),
(1931, 31, 0),
(1941, 61, 1),
(1941, 131, 0),
(1941, 301, 0),
(1941, 91, 0),
(1941, 121, 0),
(1941, 11, 0),
(1951, 61, 1),
(1951, 31, 0),
(1951, 151, 0),
(1961, 61, 1),
(1961, 131, 0),
(1961, 31, 0),
(1961, 151, 0),
(1961, 301, 0),
(1961, 91, 0),
(1961, 121, 0),
(1971, 61, 1),
(1971, 131, 0),
(1971, 151, 0),
(1971, 301, 0),
(1971, 91, 0),
(1971, 321, 0),
(1981, 61, 1),
(1981, 151, 0),
(1991, 121, 1),
(1991, 131, 0),
(1991, 91, 0),
(2001, 121, 1),
(2001, 131, 0),
(2001, 91, 0),
(2011, 121, 1),
(2011, 131, 0),
(2011, 91, 0),
(2021, 121, 1),
(2021, 131, 0),
(2021, 141, 0),
(2031, 121, 1),
(2041, 91, 1),
(2051, 121, 1),
(2051, 301, 0),
(2051, 91, 0),
(2051, 21, 0),
(2051, 41, 0),
(2051, 111, 0),
(2061, 121, 1),
(2061, 131, 0),
(2061, 91, 0),
(2071, 121, 1),
(2071, 131, 0),
(2071, 91, 0),
(2081, 121, 1),
(2081, 131, 0),
(2081, 91, 0),
(2091, 121, 1),
(2091, 131, 0),
(2091, 301, 0),
(2091, 91, 0),
(2101, 121, 1),
(2101, 131, 0),
(2101, 301, 0),
(2101, 91, 0),
(2111, 121, 1),
(2121, 121, 1),
(2121, 91, 0),
(2131, 121, 1),
(2131, 91, 0),
(2141, 121, 1),
(2141, 131, 0),
(2141, 301, 0),
(2141, 91, 0),
(2151, 121, 1),
(2151, 131, 0),
(2151, 301, 0),
(2151, 91, 0),
(2161, 121, 1),
(2161, 131, 0),
(2161, 91, 0),
(2171, 121, 1),
(2171, 131, 0),
(2171, 301, 0),
(2171, 91, 0),
(2171, 21, 0),
(2171, 41, 0),
(2181, 121, 1),
(2181, 221, 0),
(2181, 131, 0),
(2181, 301, 0),
(2181, 91, 0),
(2191, 121, 1),
(2191, 221, 0),
(2191, 131, 0),
(2191, 91, 0),
(2191, 21, 0),
(2191, 41, 0),
(2191, 111, 0),
(2201, 121, 1),
(2201, 131, 0),
(2201, 81, 0),
(2201, 141, 0),
(2211, 121, 1),
(2211, 321, 0),
(2221, 121, 1),
(2221, 131, 0),
(2221, 91, 0),
(2231, 141, 1),
(2241, 91, 1),
(2241, 121, 0),
(2251, 141, 1),
(2251, 131, 0),
(2251, 81, 0),
(2251, 121, 0),
(2261, 141, 1),
(2261, 131, 0),
(2261, 81, 0),
(2261, 121, 0),
(2271, 51, 1),
(2271, 41, 0),
(2271, 11, 0),
(2281, 1, 1),
(2291, 41, 1),
(2291, 61, 0),
(2301, 41, 1),
(2311, 41, 1),
(2311, 71, 0),
(2311, 11, 0),
(2321, 91, 1),
(2321, 131, 0),
(2321, 81, 0),
(2321, 121, 0),
(2331, 91, 1),
(2341, 121, 1),
(2341, 131, 0),
(2341, 81, 0),
(2341, 91, 0),
(2351, 121, 1),
(2351, 131, 0),
(2351, 91, 0),
(2361, 121, 1),
(2361, 91, 0),
(2361, 321, 0),
(2371, 121, 1),
(2371, 131, 0),
(2371, 141, 0),
(2381, 121, 1),
(2381, 131, 0),
(2381, 81, 0),
(2381, 91, 0),
(2381, 321, 0),
(2391, 121, 1),
(2391, 131, 0),
(2391, 81, 0),
(2391, 91, 0),
(2391, 321, 0),
(2401, 121, 1),
(2401, 131, 0),
(2401, 91, 0),
(2411, 121, 1),
(2411, 81, 0),
(2411, 91, 0),
(2421, 91, 1),
(2421, 131, 0),
(2421, 81, 0),
(2421, 121, 0),
(2431, 41, 1),
(2431, 61, 0),
(2431, 11, 0),
(2441, 121, 1),
(2441, 131, 0),
(2441, 301, 0),
(2441, 91, 0),
(2451, 11, 1),
(2461, 11, 1),
(2471, 11, 1),
(2481, 11, 1),
(2491, 11, 1),
(2501, 11, 1),
(2501, 1, 0),
(2511, 11, 1),
(2521, 11, 1),
(2521, 1, 0),
(2531, 11, 1),
(2541, 11, 1),
(2551, 11, 1),
(2551, 1, 0),
(2561, 11, 1),
(2571, 11, 1),
(2581, 11, 1),
(2591, 11, 1),
(2601, 11, 1),
(2611, 11, 1),
(2621, 11, 1),
(2631, 11, 1),
(2641, 11, 1),
(2651, 11, 1),
(2661, 11, 1),
(2671, 11, 1),
(2681, 11, 1),
(2681, 1, 0),
(2691, 11, 1),
(2691, 41, 0),
(2701, 11, 1),
(2711, 11, 1),
(2721, 11, 1),
(2721, 1, 0),
(2731, 11, 1),
(2741, 11, 1),
(2751, 11, 1),
(2761, 11, 1),
(2771, 11, 1),
(2771, 1, 0),
(2771, 41, 0),
(2781, 11, 1),
(2791, 11, 1),
(2801, 11, 1),
(2811, 11, 1),
(2821, 11, 1),
(2831, 11, 1),
(2841, 11, 1),
(2851, 11, 1),
(2861, 11, 1),
(2861, 41, 0),
(2871, 11, 1),
(2881, 11, 1),
(2881, 1, 0);

-- --------------------------------------------------------

--
-- Table structure for table `steps`
--

CREATE TABLE IF NOT EXISTS `steps` (
  `step_id` bigint(20) unsigned NOT NULL AUTO_INCREMENT,
  `exercise_id` int(11) NOT NULL,
  `step_order` int(11) NOT NULL,
  `step_text` text NOT NULL,
  PRIMARY KEY (`step_id`),
  UNIQUE KEY `step_id` (`step_id`)
) ENGINE=InnoDB  DEFAULT CHARSET=utf8 AUTO_INCREMENT=13652 ;

--
-- Dumping data for table `steps`
--

INSERT INTO `steps` (`step_id`, `exercise_id`, `step_order`, `step_text`) VALUES
(1, 1, 1, 'Lie on a flat bench with your feet flat on the floor, keep your back flat on the bench.'),
(11, 1, 2, 'Grasp the bar a little wider than shoulder width apart.'),
(21, 1, 3, 'Raise the barbell above your body and move it over the middle of your chest, this is your starting position.'),
(31, 1, 4, 'Lower the bar down so it just touches your chest.'),
(41, 1, 5, 'Raise the bar till your arms are fully extended and your elbows are locked.'),
(51, 1, 6, 'Return to starting position.'),
(61, 11, 1, 'Lie flat on your stomach with your arms stretched out in front of you.'),
(71, 11, 2, 'Raise your arms and legs off the floor and hold this position for 2 seconds.'),
(81, 11, 3, 'Return to the starting position on the floor.'),
(91, 11, 4, 'Repeat.'),
(101, 21, 1, 'Start with a basic push up, lay face down on the floor, or a mat; with your feet together curled slightly so you rise onto the ball of your feet.'),
(111, 21, 2, 'Place you hands shoulder width apart on the either side of your chest.'),
(121, 21, 3, 'Draw your abs in.'),
(131, 21, 4, 'Inhale as you raise your body up till your arms are straight.'),
(141, 21, 5, 'Keep your head and neck level with your body (don’t look up or down) and don’t allow your back to rise or fall.'),
(151, 21, 6, 'Exhale out as you lower your body back to the ground.'),
(161, 21, 7, 'Repeat.'),
(171, 31, 1, 'Grab the pull-up bar with the palms facing forward using the prescribed grip.'),
(181, 31, 2, 'As you have both arms extended in front of you holding the bar at the chosen grip width, bring your torso back around 30 degrees or so while creating a curvature on your lower back and sticking your chest out. This is your starting position.'),
(191, 31, 3, 'Pull your torso up until the bar touches your upper chest by drawing the shoulders and the upper arms down and back. Exhale as you perform this portion of the movement.'),
(201, 31, 4, 'After a second on the contracted position, start to inhale and slowly lower your torso back to the starting position when your arms are fully extended and the lats are fully stretched.'),
(211, 31, 5, 'Repeat this motion.'),
(221, 41, 1, 'Lie on your back with your knees bent and your feet flat on the floor.'),
(231, 41, 2, 'Lift up hips and bum off the floor as you draw your abs in and keep your gluts tight.'),
(241, 51, 1, 'Grasp the bar with an supinated (overhand) grip.'),
(251, 51, 2, 'Let your body hang from the bar with your arms straight.'),
(261, 51, 3, 'Slowly pull yourself up so that your chin is higher than the bar.'),
(271, 51, 4, 'With a controlled movement lower yourself to the starting position.'),
(281, 61, 1, 'Sit on the bench with your toes pointing straight out, back straight and abs drawn in.'),
(291, 61, 2, 'Grip the bar with your palms facing outwards and your hands shoulder width apart'),
(301, 61, 3, 'With bar in front of your head, press upwards extending your arms but not locking them.'),
(311, 61, 4, 'Pause at the top and then in a controlled movement lower the bar to the starting position.'),
(321, 71, 1, 'Lie on a flat bench with your feet flat on the floor, keep your back flat on the bench.'),
(331, 71, 2, 'Grasp the bar a close grip (approximately 14” apart).'),
(341, 71, 3, 'Raise the barbell above your body and move it over the middle of your chest, this is your starting position.'),
(351, 71, 4, 'Lower the bar down so it just touches your chest.'),
(361, 71, 5, 'Raise the bar till your arms are fully extended and your elbows are locked.'),
(371, 71, 6, 'Return to starting position.'),
(381, 81, 1, 'Sit on a flat bench, feet point forward with your abs drawn in.'),
(391, 81, 2, 'Grasp a dumbbell in each hand with your palm facing towards your body'),
(401, 81, 3, 'Bend your elbows to 90 degrees and raise both your arms to the starting point in line with your shoulders.'),
(411, 81, 4, 'With a steady controlled motion raise your arms up while straightening your elbows while rotating your forearms so that your palms now face away from your body.'),
(421, 81, 5, 'Bring the dumbbells closer together but do not fully extend your elbows.'),
(431, 81, 6, 'With a controlled motion lower the dumbbells to the starting position at your shoulders.'),
(441, 91, 1, 'Lay on one side of your body with your legs straight and your forearm perpendicular to your body in front of you.'),
(451, 91, 2, 'Drawing your abs in, slowly raise yourself up so you are balanced on your feet and your forearm.'),
(461, 91, 3, 'Hold this position and slowly return back to the starting position.'),
(471, 91, 4, 'Repeat on other side.'),
(481, 101, 1, 'Standing at a leg curl machine adjust the rear footpad so it is just above your ankle.'),
(491, 101, 2, 'Grasp the handles of the machine for support and draw your abs in.'),
(501, 101, 3, 'Raise your foot up towards your back slowly.'),
(511, 101, 4, 'Return to the starting position and chance legs.'),
(521, 111, 1, 'Lie down on an incline bench with your feet flat on the floor and grasp the dumbbells.'),
(531, 111, 2, 'With your elbows bent raise your arms up until in line with your shoulders this is your starting position.'),
(541, 111, 3, 'With your abs drawn in, raise the dumbbells as high as you are able above your shoulders.'),
(551, 111, 4, 'Lower the dumbbells in a slow controlled manner to starting position.'),
(561, 121, 1, 'Set and incline bench at a 45 degree angle.'),
(571, 121, 2, 'Start with the dumbbells at shoulder height, your arms wide and elbows pointing down to the floor.'),
(581, 121, 3, 'Raise your arms up over your chest bringing the dumbbells closer together as they meet over your chest.'),
(591, 121, 4, 'Slowly return the dumbbells to starting position.'),
(601, 121, 5, 'Repeat.'),
(611, 131, 1, 'Stand with your feet shoulder width apart, your abs drawn in and back straight.'),
(621, 131, 2, 'Place the bar on rack in the position where your arms are fully extended in front of you with your elbows slightly bent.'),
(631, 131, 3, 'Place your hands shoulder width apart and raise the bar up towards your chin with a controlled motion.'),
(641, 131, 4, 'Pause at the top for a moment and rotate your shoulder blades together.'),
(651, 131, 5, 'Lower the bar to the starting position.'),
(661, 131, 6, 'Repeat'),
(671, 141, 1, 'Grasp the dumbbells in each hand and lie on a flat bench with your feet firmly on the ground.'),
(681, 141, 2, 'Extend your arms up over your chest with your palms facing forwards.'),
(691, 141, 3, 'Press the dumbbells up over your chest till your arm are fully extended this is your starting position.'),
(701, 141, 4, 'Bend your elbows to a 90 degree angle so your upper arms are parallel with the floor.'),
(711, 141, 5, 'Slowly lower the dumbbells as low as comfortable along your chest.'),
(721, 141, 6, 'With a controlled motion return back to your starting position.'),
(731, 141, 7, 'Repeat.'),
(741, 151, 1, 'Lie flat on an incline bench set at a 45 degree angle, with your feet shoulder width apart.'),
(751, 151, 2, 'Grasp the bar a little wider than shoulder width apart.'),
(761, 151, 3, 'Raise the barbell above your body and move it over the middle of your chest, this is your starting position.'),
(771, 151, 4, 'Lower the bar down so it just touches your chest.'),
(781, 151, 5, 'Raise the bar straight up till your arms are fully extended and your elbows are locked.'),
(791, 151, 6, 'Return to starting position.'),
(801, 161, 1, 'Stand with your feet shoulder width apart and a slight bend in your knees.'),
(811, 161, 2, 'Hold a dumbbell in each hand and with your arms at your sides.'),
(821, 161, 3, 'Lower your shoulders as much as possible.'),
(831, 161, 4, 'With your arms straight raise both shoulders up towards your ears.'),
(841, 161, 5, 'Hold the upright positions for a moment and then lower in a controlled motion.'),
(851, 171, 1, 'Lie on a decline bench with your head lower than your feet.'),
(861, 171, 2, 'Place your hands wider than shoulder width apart on the bar and lift it off the rack.'),
(871, 171, 3, 'Bring the bar over your chest and lower it till it is just above the lower portion of your chest, this is starting position.'),
(881, 171, 4, 'Extend your arms upward and raise the bar straight up.'),
(891, 171, 5, 'Pause for a moment and then lower the bar to starting position.'),
(901, 171, 6, 'Repeat.'),
(911, 181, 1, 'Lie face up on a Hack Squat machine with your shoulders against the pad.'),
(921, 181, 2, 'Place your feet facing forward at slightly less than shoulder width apart with your toes point slightly outward.'),
(931, 181, 3, 'Release the dock levers and place your hands on the hand grips.'),
(941, 181, 4, 'Drawing your abs in, extend your body standing upright.'),
(951, 181, 5, 'Lower your body to a squatting position so you knees are bent as if you were sitting down.'),
(961, 181, 6, 'Return to the starting position.'),
(971, 191, 1, 'Place your feet on either side of a T-Bar Machine.'),
(981, 191, 2, 'With your knees slightly bent and abs drawn in, grasp the handles with a narrow grip.'),
(991, 191, 3, 'Bend at the waist so your chest is parallel to the floor, this is starting position. Slowly pull the bar to your chest, as high as you can.'),
(1001, 191, 4, 'Pause at the top for a moment and then lower the bar to starting position.'),
(1011, 191, 5, 'Repeat'),
(1021, 201, 1, 'Sitting on a bench, with your abs drawn in grasp a dumbbell in each hand, with your palms facing forward.'),
(1031, 201, 2, 'Begin with your arms at the height of your shoulders.'),
(1041, 201, 3, 'Extend your arms and raise the dumbbells up above your head.'),
(1051, 201, 4, 'At the top of the movement, bring your arms closer together.'),
(1061, 201, 5, 'Pause for a moment and then in a controlled movement lower the dumbbells to the starting position.'),
(1071, 201, 6, 'Repeat'),
(1081, 211, 1, 'Attach the cable pulley to shoulder height.'),
(1091, 211, 2, 'Grasp the pulley in both hands and stand approximately one foot in front of the weight stacks, with one foot slightly in front of the other.'),
(1101, 211, 3, 'With a slight bend in your elbows bring your hand together in front of your chest on downward angle.'),
(1111, 211, 4, 'When your hands meet at the midpoint of your chest, hold for a moment.'),
(1121, 211, 5, 'With a slow controlled motion return to starting position.'),
(1131, 221, 1, 'Lifting a barbell off of a weight rack, position it on your shoulders.'),
(1141, 221, 2, 'Place your feet slightly wider than shoulder width apart with your knees and toes pointed slightly outward.'),
(1151, 221, 3, 'Drawing your abs in descend slowly by bending at the knees and hips as if you are sitting down (squatting).'),
(1161, 221, 4, 'Lower yourself as far as you can control without letting your body shift towards your toes (this will cause you to loose balance).'),
(1171, 221, 5, 'Pause in the downward position and slowly return upright to the starting position.'),
(1181, 231, 1, 'Lie on a flat bench with a dumbbell in each hand and your feet firmly on the ground.'),
(1191, 231, 2, 'Lift the dumbbells over your chest extending your arms fully with a slight bend in your elbows, this is your starting position.'),
(1201, 231, 3, 'Keeping a slight bend in your elbows, lower the dumbbells to the floor in an arc like motion.'),
(1211, 231, 4, 'Slowly return the dumbbells over your chest to the starting position in a controlled motion.'),
(1221, 231, 5, 'Repeat.'),
(1231, 241, 1, 'Stand in between the parallel bars.'),
(1241, 241, 2, 'Grip the handles of the parallel bars and push yourself up to the starting position with straightened arms.'),
(1251, 241, 3, 'With your elbows close to your body keep your hips straight, lower your body forward by bending your elbows so your chest is leading as you go down.'),
(1261, 241, 4, 'Raise yourself back up to the starting position and repeat.'),
(1271, 241, 5, 'Repeat.'),
(1281, 251, 1, 'Adjust the machine so that you are sitting with the bars at chest height.'),
(1291, 251, 2, 'Place your hands on the bars and place your feet on the foot rest.'),
(1301, 251, 3, 'Press out, extending your arms as far as possible in a steady motion.'),
(1311, 251, 4, 'Pause for a moment and then return slowly to starting position.'),
(1321, 261, 1, 'Adjust the hyperextension bench so that your ankles are tucked under the footpads and your thighs are flat across the top pad.'),
(1331, 261, 2, 'With your arms folded across your chest and your back straight, slowly bend at the waist towards the floor, keeping your back flat.'),
(1341, 261, 3, 'Slowly return to the starting position.'),
(1351, 261, 4, 'Repeat.'),
(1361, 271, 1, 'Grasp 2 dumbbells and stand with your feet shoulder width apart.'),
(1371, 271, 2, 'Keeping your back straight bend at the waist, allow some bend in your knees.'),
(1381, 271, 3, 'Grasp the dumbbells with an overhand grip in each hand.'),
(1391, 271, 4, 'Straighten your back as you hold the dumbbells at arm’s length.'),
(1401, 271, 5, 'Bend over again lowering the dumbbells to just above the floor.'),
(1411, 271, 6, 'Return to starting position.'),
(1421, 271, 7, 'Repeat.'),
(1431, 281, 1, 'Stand with your feet shoulder width apart, abs drawn in and knees slightly bent.'),
(1441, 281, 2, 'Grasp a dumbbell in each hand, with your palm facing down.'),
(1451, 281, 3, 'Start with the dumbbell at waist height.'),
(1461, 281, 4, 'Raise your left arm, keeping your elbow slightly bent and your arm straight, to in line with your shoulder.'),
(1471, 281, 5, 'Pause for a moment and with a controlled motion lower your arm to back to the starting position at your waist.'),
(1481, 281, 6, 'Repeat with your right arm.'),
(1491, 291, 1, 'Place the pulley on the setting just above the floor.'),
(1501, 291, 2, 'Stand with your feet shoulder width apart, your abs drawn in and your knees slightly bent.'),
(1511, 291, 3, 'Starting at waist height, take the pulley in your left hand, palm facing the floor with otherwise known as an overhand grip, and raise your straight arm up towards your left shoulder.'),
(1521, 291, 4, 'At shoulder height pause for a moment.'),
(1531, 291, 5, 'With a controlled movement resist the weight and slowly lower your arm back to starting position at your waist.'),
(1541, 291, 6, 'Repeat the exercise with your right arm.'),
(1551, 301, 1, 'Grasp a barbell with an overhand grip(palms of hands face downwards) .'),
(1561, 301, 2, 'Stand up-right with your feet shoulder width apart, knees slightly bent and your abs drawn in.'),
(1571, 301, 3, 'With your arms straight, raise the barbell in a controlled motion to shoulder level.'),
(1581, 301, 4, 'Hold for a moment and then lower the barbell in at the same motion.'),
(1591, 311, 1, 'Sit upright with your back supported by the chair and draw your abs in.'),
(1601, 311, 2, 'Place your hands on the bars and with smooth even motions press upward extending your arms, but not locking them.'),
(1611, 311, 3, 'At the top pause then with controlled motion lower the bars to your starting position.'),
(1621, 321, 1, 'Stand on the floor with your abs drawn in and your back straight.'),
(1631, 321, 2, 'Grasp a barbell with a grip a little wider than shoulder width at arms length.'),
(1641, 321, 3, 'Drop your shoulders as much as possible to start.'),
(1651, 321, 4, 'Raise your shoulder as high as possible.'),
(1661, 321, 5, 'Pause for a moment at the top and then return to starting position in a controlled motion.'),
(1671, 321, 6, 'Repeat.'),
(1681, 331, 1, 'Stand near a post or other stable tall object. With your one hand, hold the post.'),
(1691, 331, 2, 'Grasp the dumbbell in your other hand with a pronated grip (palms facing backwards).'),
(1701, 331, 3, 'Place the dumbbell in front of your thigh, this is starting position.'),
(1711, 331, 4, 'Lift the dumbbell upward to your shoulder with your elbow pointing away from your body in a rowing motion.'),
(1721, 331, 5, 'Lower your arm to starting position and repeat.'),
(1731, 341, 1, 'Lie on a flat bench with your hands under your hips supporting your back.'),
(1741, 341, 2, 'Your legs should be unsupported by the bench from below your knees.'),
(1751, 341, 3, 'With your feet together and your toes flexed upwards, raise your straight legs up a few cm off the bench; both of your legs should have no contact with the bench. This is your starting position.'),
(1761, 341, 4, 'Keep your legs straight with a slight bend in the knees and raise your legs to just before 90 degrees with your hips.'),
(1771, 341, 5, 'Pause at the top and lower your legs in slow controlled manner back to the starting position.'),
(1781, 341, 6, 'Repeat.'),
(1791, 351, 1, 'Place the barbell at waist height.'),
(1801, 351, 2, 'Stand with your feet shoulder width apart and your abs drawn in.'),
(1811, 351, 3, 'Grasp the bar with an overhand grip and straightened arms.'),
(1821, 351, 4, 'As you lift the bar allow the weight to pull your shoulders down, shrug your shoulders up and to the back.'),
(1831, 351, 5, 'Hold for a moment and then return to starting position.'),
(1841, 361, 1, 'Sitting on a bench with a barbell rack, grasp the barbell with a grip 3 to 4 inches wider than your shoulders.'),
(1851, 361, 2, 'Lift the bar off the rack and lower it to just at the height of your shoulders.'),
(1861, 361, 3, 'While maintaining  good posture, straighten your arms and raise the bar up above your head.'),
(1871, 361, 4, 'Pause for a moment and then in a controlled movement lower the bar to the starting position.'),
(1881, 371, 1, 'Lie on flat bench between two cable towers and your feet firmly on the ground.'),
(1891, 371, 2, 'Grasp a pulley in each hand with your palms facing up.'),
(1901, 371, 3, 'With a slight bend in your elbows, squeeze your chest and pull the cables together meeting in the middle of your chest.'),
(1911, 371, 4, 'Hold for a moment and then slowly lower your hands back to starting position at bench height.'),
(1921, 381, 1, 'Lie under a bar so that the bar is at mid chest level and your feet are firmly on the floor.'),
(1931, 381, 2, 'Draw your abs in and keep your back flat.'),
(1941, 381, 3, 'Using your arms, lift and row your body towards the bar.'),
(1951, 381, 4, 'Pause for a moment and with slow controlled movements lower your self back to starting position.'),
(1961, 381, 5, 'Repeat.'),
(1971, 391, 1, 'Grasp dumbbells in each hand with a pronated grip (palms facing back wards, your shoulder rotated forward.'),
(1981, 391, 2, 'Stand upright with your feet shoulder width apart and your knees slightly bent, contract your abdominals.'),
(1991, 391, 3, 'Slowly lift your arms up so elbows are bent and parallel with the floor while you squeeze your shoulders together.'),
(2001, 391, 4, 'then rotate your arms, bringing the dumbbells forward so that they are now above your shoulder and in line with your elbows.'),
(2011, 391, 5, 'In a controlled manner lower your arms and return to the starting position.'),
(2021, 391, 6, 'Repeat.'),
(2031, 401, 1, 'Lie flat on a bench with your head hanging slightly over the end and your feet flat on the floor.'),
(2041, 401, 2, 'Hold a barbell with a close grip (approximately 14”), keep your elbows in throughout the exercise.'),
(2051, 401, 3, 'Starting with your arms fully extended over your chest, slowly lower the bar in an arc over your head and towards the floor.'),
(2061, 401, 4, 'Pull the bar back up to chest height in a slow controlled manner and return to starting position.'),
(2071, 401, 5, 'Repeat.'),
(2081, 411, 1, 'Stand with your feet shoulder width apart so that your feet are under the bar.'),
(2091, 411, 2, 'Keeping your back straight bend at the waist, allow some bend in your knees.'),
(2101, 411, 3, 'Grasp the par with an overhand grip approximately 16 inches apart.'),
(2111, 411, 4, 'Straighten your back as you hold the bar at arm’s length.'),
(2121, 411, 5, 'Bend over again lowering the bar to just above the floor.'),
(2131, 421, 1, 'Place a barbell across your shoulders.'),
(2141, 421, 2, 'Keeping your head up and your back completely straight, bend at the waist until your back is parallel with the floor.'),
(2151, 421, 3, 'Return to starting position.'),
(2161, 421, 4, 'Repeat.'),
(2171, 431, 1, 'Place a barbell across your shoulders.'),
(2181, 431, 2, 'Keeping your head up and your back completely straight, bend at the waist until your back is parallel with the floor.'),
(2191, 431, 3, 'Return to starting position.'),
(2201, 431, 4, 'Repeat.'),
(2211, 441, 1, 'Sit at a low pulley machine with your feet resting against the footrests and your knees slightly bent.'),
(2221, 441, 2, 'With your abs drawn in and your back straight lean forward slightly to grasp the pulleys with an overhand grip (palms face downwards).'),
(2231, 441, 3, 'Slowly bring the pulleys back towards your abs while sitting upright, keep your elbows in close to your chest.'),
(2241, 441, 4, 'Pause for a moment then return slowly return the pulleys to the starting position.'),
(2251, 441, 5, 'Repeat.'),
(2261, 451, 1, 'Lie on an incline bench which has been set to an incline of 45 degrees.'),
(2271, 451, 2, 'Start with the dumbbells at shoulder height, your arms wide and elbows pointing down to the floor.'),
(2281, 451, 3, 'Grasp the dumbbells with a grip so your palms face each other.'),
(2291, 451, 4, 'Raise your arms up over your chest bringing the dumbbells closer together as they meet over your chest, as if you were clapping.'),
(2301, 451, 5, 'Slowly return the dumbbells to starting position.'),
(2311, 461, 1, 'Grasp a dumbbell in each hand, palms facing inward towards your body and the dumbbells at your sides.'),
(2321, 461, 2, 'Standing with your feet shoulder with apart, draw your abs in and bend your knees slightly.'),
(2331, 461, 3, 'While keeping your torso still, raise the your arms up to the sides keeping your arms straight with a slight bend in the elbows.'),
(2341, 461, 4, 'Raise your arms up until in line with your shoulders, your palms should face the floor.'),
(2351, 461, 5, 'Hold the position for a moment then in a controlled movement lower your arms to the starting position.'),
(2361, 461, 6, 'Repeat'),
(2371, 471, 1, 'Adjust the seat of the machine so that the handles are near the upper portion of your chest.'),
(2381, 471, 2, 'Slowly press the handles forward until your hands are fully extended, do not lock your elbows.'),
(2391, 471, 3, 'Pause for a moment and then with a controlled movement lower your hands back to starting position.'),
(2401, 481, 1, 'Place a flat bench in the middle of the Smith Machine, with the bar in line with the middle of your chest.'),
(2411, 481, 2, 'Lying on the bench, grasp the bar at shoulder width apart.'),
(2421, 481, 3, 'Unlatch the bar and slowly lower the bar to your chest.'),
(2431, 481, 4, 'Extend your arms fully and raise the bar to the starting position.'),
(2441, 481, 5, 'Repeat.'),
(2451, 491, 1, 'Set the height of the barbell to shoulder height.'),
(2461, 491, 2, 'Place your feet slightly wider than shoulder width apart with your knees and toes pointed slightly outward.'),
(2471, 491, 3, 'Drawing your abs in descend slowly by bending at the knees and hips as if you are sitting down (squatting).'),
(2481, 491, 4, 'Lower yourself as far as you can control without letting your body shift over your toes (this will cause you to loose balance).'),
(2491, 491, 5, 'Pause in the downward squatting position and slowly return upright to the starting position.'),
(2501, 501, 1, 'Place your feet and shins flat on an Exercise Ball.'),
(2511, 501, 2, 'Place your arms in front of you at shoulder width apart, place your hands under your arms and press up from the ground until your arms are fully extended.'),
(2521, 501, 3, 'Pause at the top for a moment and steady your balance.'),
(2531, 501, 4, 'Slowly return to the starting position with your chest lowered towards the ground.'),
(2541, 511, 1, 'Place an incline bench at a 45 degree angle in the middle of the Smith Machine.'),
(2551, 511, 2, 'Align the bench so the bar is across the upper portion of your chest.'),
(2561, 511, 3, 'Grasp the bar with a shoulder width grip.'),
(2571, 511, 4, 'Unlock the bar and slowly lower the weight to your chest, do not bounce the bar on your chest.'),
(2581, 511, 5, 'With slow controlled movements, raise the bar back to the starting position.'),
(2591, 521, 1, 'Place your feet on a bench at least 18” off the ground.'),
(2601, 521, 2, 'Make sure the tops of your feet are flush against the bench.'),
(2611, 521, 3, 'Place your hands on the floor slightly wider than shoulder width apart.'),
(2621, 521, 4, 'With your hands directly under your shoulders, press up from the floor, keeping your back and neck in a straight line so you are looking forward during the entire exercise.'),
(2631, 521, 5, 'Once your arms are fully extended pause and then with slow controlled movements lower yourself to the floor again.'),
(2641, 531, 1, 'Stand with a dumbbell in each hand with an overhand grip, your feet shoulder width apart and your abs drawn in.'),
(2651, 531, 2, 'Keeping each arm straight raise your left arm to just above shoulder height.'),
(2661, 531, 3, 'Pause for a moment then in a controlled motion lower the weight to starting position and repeat with your right arm.'),
(2671, 541, 1, 'Stand with your feet shoulder width apart so that your feet are under the bar.'),
(2681, 541, 2, 'Keeping your back straight bend at the waist, allow some bend in your knees.'),
(2691, 541, 3, 'Grasp the par with an overhand grip approximately 16 inches apart.'),
(2701, 541, 4, 'Straighten your back as you hold the bar at arm’s length.'),
(2711, 541, 5, 'Bend over again lowering the bar to just above the floor.'),
(2721, 551, 1, 'Sit on the edge of a bench with your feet on the floor in front of you.'),
(2731, 551, 2, 'Rest your chest on your thighs with your back straight, grasp the cable pulleys with opposite hands.'),
(2741, 551, 3, 'Raise your upper arms to shoulder height. Pause at the top for a moment.'),
(2751, 551, 4, 'Lower your arms to the starting position in a controlled motion.'),
(2761, 551, 5, 'Repeat.'),
(2771, 561, 1, 'Attach a V bar to the pull down pulley of a cable machine.'),
(2781, 561, 2, 'Sitting upright with your abs drawn grasp the bar with an overhand grip, your palms facing in.'),
(2791, 561, 3, 'Pull the bar straight down to your upper chest.'),
(2801, 561, 4, 'Pause for a moment after touching the chest and then slowly return the bar to starting position.'),
(2811, 561, 5, 'Repeat.'),
(2821, 571, 1, 'Stand upright with your feet shoulder width apart and a slight bend in your knees.'),
(2831, 571, 2, 'Grasp a dumbbell in each hand, in front of your thighs. This is your starting position.'),
(2841, 571, 3, 'Draw your abs in.'),
(2851, 571, 4, 'Raise the dumbbells up on either side of your ribs in a rowing motion by bending your elbows moving them outwards.'),
(2861, 571, 5, 'Lower to starting position and repeat.'),
(2871, 581, 1, 'For a Close Grip Push Up lay face down on the floor, or a mat, with your feet together curled slightly so you rise on the ball of your feet.'),
(2881, 581, 2, 'Place you hands close together so your thumbs and index fingers form a triangle on the floor.'),
(2891, 581, 3, 'Draw your abs in and inhale as you raise your body up till your arms are straight.'),
(2901, 581, 4, 'Keep your head and neck level with your body (don’t look up or down) and don’t allow your back to rise or fall.'),
(2911, 581, 5, 'Exhale out as you lower your body back to the ground.'),
(2921, 581, 6, 'For a Wide Grip Push Up move your hands out to a position slightly wider than your shoulders.'),
(2931, 581, 7, 'Repeat.'),
(2941, 591, 1, 'Sit at a cable pull down machine fitted with a wide bar.'),
(2951, 591, 2, 'Grasp the bar with a wide overhand grip (palms facing forward) .'),
(2961, 591, 3, 'With your abs drawn in and back straight pull the bar down to your upper chest.'),
(2971, 591, 4, 'Pause for a moment and then return the bar to the starting position.'),
(2981, 591, 5, 'Repeat.'),
(2991, 601, 1, 'Lie on a flat bench with you feet planted firmly on the floor.'),
(3001, 601, 2, 'Grasp the bar a little wider than shoulder width apart.'),
(3011, 601, 3, 'Raise the barbell above your body and move it to the top of your chest, near your neck.'),
(3021, 601, 4, 'This is your starting position.'),
(3031, 601, 5, 'Lower the bar down so it just touches the top of your chest.'),
(3041, 601, 6, 'Raise the bar till your arms are fully extended and your elbows are locked.'),
(3051, 601, 7, 'Return to starting position.'),
(3061, 601, 8, 'Repeat.'),
(3071, 611, 1, 'Lie on a decline bench with your head lower than your feet.'),
(3081, 611, 2, 'Grasp the bar at a grip 3-6 inches wider than your shoulders.'),
(3091, 611, 3, 'Raise the bar above your chest, keeping your elbows close in.'),
(3101, 611, 4, 'Slowly and with control lower the bar straight to your lower chest.'),
(3111, 611, 5, 'Raise the bar back up to starting position with the bar just above your chest.'),
(3121, 611, 6, 'Repeat.'),
(3131, 621, 1, 'Using a post or tall weight bench for balance stand straight with your abs drawn in.'),
(3141, 621, 2, 'Raise one off the ground and behind you while standing on the other leg.'),
(3151, 621, 3, 'Slowly lower the leg and raise it again while flexing the gluts.'),
(3161, 621, 4, 'Repeat with your other leg.'),
(3171, 631, 1, 'Lie on an incline bench set a 45 degree angle with a dumbbell in each hand and your feet firmly on the ground.'),
(3181, 631, 2, 'Lift the dumbbells over your chest extending your arms fully and your palms facing each other.'),
(3191, 631, 3, 'Keeping a slight bend in your elbows, lower the dumbbells towards the floor in and arc like motion.'),
(3201, 631, 4, 'Slowly return to starting position.'),
(3211, 641, 1, 'Lie prone (on your stomach) on a Stability Ball with your toes firmly planted on the floor for balance.'),
(3221, 641, 2, 'With your hands across your chest or at your ears, raise your chest off the ball so you are hyperextending your spine.'),
(3231, 641, 3, 'Slowly return your chest to the ball.'),
(3241, 641, 4, 'Repeat.'),
(3251, 651, 1, 'Attach a straight bar to the pulley on the floor.'),
(3261, 651, 2, 'Stand with your feet shoulder width apart, your abs drawn in and your back straight.'),
(3271, 651, 3, 'Grasp the bar with an overhand grasp (your palms facing downwards) and pull it up towards your waist, this is the starting position.'),
(3281, 651, 4, 'Raise the bar up to in line with your shoulders.'),
(3291, 651, 5, 'Pause at the top and rotate your shoulder blades together.'),
(3301, 651, 6, 'Lower the bar in a controlled motion to the starting position.'),
(3311, 661, 1, 'Lie on a flat bench with your feet flat on the floor and your head at the end of the bench.'),
(3321, 661, 2, 'Grasp a dumbbell and raise it over your chest.'),
(3331, 661, 3, 'Keeping your elbows as straight as possible, lower the weight in an arc over your head and as low to the ground as possible with out any pain.'),
(3341, 661, 4, 'Return to starting position.'),
(3351, 661, 5, 'Repeat.'),
(3361, 671, 1, 'Place your right foot on the floor, rest your left knee and hand on a flat bench.'),
(3371, 671, 2, 'Lean forward so your body’s weight is supported by your left arm and knee.'),
(3381, 671, 3, 'Keeping your back flat, reach down and pick up the dumbbell with your right hand.'),
(3391, 671, 4, 'Raise your right arm as close to your chest as possible; while bending and bringing your elbow back as far as you can.'),
(3401, 671, 5, 'Pause at the top for a moment and then lower the dumbbell in a controlled manner to the starting position.'),
(3411, 671, 6, 'Switch arms by doing the opposite positioning.'),
(3421, 671, 7, 'Repeat.'),
(3431, 681, 1, 'Get down on a mat on your hands and knees, forming a four point rectangle or square shape.'),
(3441, 681, 2, 'Keep your back straight and your hips and pelvis in a neutral position.'),
(3451, 681, 3, 'Draw your abs in, crunching your abs while keeping your back still.'),
(3461, 681, 4, 'Hold for a moment and then release returning to the starting position.'),
(3471, 681, 5, 'Repeat.'),
(3481, 691, 1, 'Grasp a dumbbell in each hand and lay on an incline bench set at a 45 degree angle.'),
(3491, 691, 2, 'Keep your feet flat on the floor and your back against the bench at all times.'),
(3501, 691, 3, 'Using a hammer grip (with your palms facing each other), lift the weights to shoulder height on either side of your chest.'),
(3511, 691, 4, 'Extend your arms fully and press the dumbbells up.'),
(3521, 691, 5, 'Slowly return the dumbbells to the starting position at the sides of your chest.'),
(3531, 701, 1, 'Grasp wide grip pull down bar with a wide grip so your hands are on the portion of the bar which curves down.'),
(3541, 701, 2, 'Stand erect with your abs drawn in.'),
(3551, 701, 3, 'Keeping a slight bend in your elbows and your wrist steady pull the bar down from the starting position to your upper thighs.'),
(3561, 701, 4, 'With a controlled motion bring the bar back up to starting position.'),
(3571, 711, 1, ' Set the bar to the lowest setting.'),
(3581, 711, 2, 'Place your feet shoulder width apart with a slight bend in the knees.'),
(3591, 711, 3, 'Bend at the waist while keeping your back straight and chest parallel to the floor.'),
(3601, 711, 4, 'Grasp the bar slightly wider than your shoulders with an overhand grasp and your arms straight with a slight bend in the elbows.'),
(3611, 711, 5, 'Raise the bar with a controlled motion to the lower part of your chest by bending and elevating your elbows.'),
(3621, 711, 6, 'Hold for a moment and then lower to the starting position.'),
(3631, 711, 7, 'Repeat.'),
(3641, 721, 1, 'Lie flat on a bench with your feet placed firmly on the floor and your abs drawn in.'),
(3651, 721, 2, 'Grasp the dumbbell in one hand and bring it up to the side of your chest, this is starting position.'),
(3661, 721, 3, 'Extend your arm, pressing the dumbbell up till your arm is straight and your elbow locked.'),
(3671, 721, 4, 'Using slow controlled movements, lower the weight to starting position.'),
(3681, 721, 5, 'Switch arms after completing reps with one arm.'),
(3691, 721, 6, 'Repeat.'),
(3701, 731, 1, 'Stand with your feet shoulder width apart and your abs drawn in.'),
(3711, 731, 2, 'Place the bar on the Smith Machine in the position where your arms are fully extended in front of you.'),
(3721, 731, 3, 'Place your hands shoulder width apart and raise the bar up towards your chin with a controlled motion.'),
(3731, 731, 4, 'Pause at the top for a moment and rotate your shoulder blades together.'),
(3741, 731, 5, 'Lower the bar to the starting position.'),
(3751, 741, 1, 'Place an incline bench set at a 45 degree angle between two cable towers.'),
(3761, 741, 2, 'Grasp a pulley in each hand with your palms facing up.'),
(3771, 741, 3, 'With a slight bend in your elbows, squeeze your chest and pull the cables in an arc so they meet together in the middle of your chest.'),
(3781, 741, 4, 'Hold for a moment and then slowly lower your hands back to starting position at along the same arc.'),
(3791, 751, 1, 'Stand with your feet shoulder width apart, back straight and abs drawn in.'),
(3801, 751, 2, 'Grasp a dumbbell in your hand and lift it with a bent elbow to your shoulder height to start.'),
(3811, 751, 3, 'Lift the dumbbell straight up till your arm is fully extended overhead.'),
(3821, 751, 4, 'Lower in a controlled manner and return to starting position.'),
(3831, 751, 5, 'Repeat.'),
(3841, 761, 1, 'Stand or sit with your head in neutral position.'),
(3851, 761, 2, 'Place both of your hands on your forehead.'),
(3861, 761, 3, 'Press your head against your hands and contract your neck muscles.'),
(3871, 761, 4, 'Keep your head from moving forward. Hold for at least 30 seconds.'),
(3881, 761, 5, 'Repeat with hands on the back of your head, pressing against them.'),
(3891, 771, 1, 'Grasp the dumbbells your hands and lie on a decline bench with your head lower than your feet.'),
(3901, 771, 2, 'Raise the dumbbells above your chest, bringing your elbows close in, this is your starting position.'),
(3911, 771, 3, 'Slowly and with control lower the dumbbells to either side of your lower chest.'),
(3921, 771, 4, 'Raise the dumbbells back up to starting position.'),
(3931, 781, 1, 'Stand or sit with your head in neutral position.'),
(3941, 781, 2, 'Place your left hand against the left side of your head, above your ear.'),
(3951, 781, 3, 'Push your head against your hand, without moving your head.'),
(3961, 781, 4, 'Repeat with your right hand, right side of your head.'),
(3971, 791, 1, 'Adjust the seat of the machine so that the handles are near the lower portion of your chest.'),
(3981, 791, 2, 'Slowly press the handles forward until your hands are fully extended, do not lock your elbows.'),
(3991, 791, 3, 'Pause for a moment and then with a controlled movement lower your hands back to starting position.'),
(4001, 801, 1, 'Bend over a barbell at slight angle with your knees bent and your back straight.'),
(4011, 801, 2, 'Grasp the bar with a reverse grip (palms facing up) and slowly pull the barbell to your abs, keeping your elbows close to your sides.'),
(4021, 801, 3, 'Pause for a moment at the top.'),
(4031, 801, 4, 'Return the barbell to the starting position.'),
(4041, 801, 5, 'Repeat.'),
(4051, 811, 1, 'Securely fasten the band under the leg of a flat bench, near your head.'),
(4061, 811, 2, 'Lie flat on the bench with your feet flat on the floor in order to stabilise your movements.'),
(4071, 811, 3, 'Grasp one end of the band in each hand and starting with your hands at chest level.'),
(4081, 811, 4, 'Press upwards so your arms are fully extended.'),
(4091, 811, 5, 'With a slow controlled motion return to starting position.'),
(4101, 821, 1, 'Lie on a decline bench with your head lower than your body and your feet firmly on the ground.'),
(4111, 821, 2, 'With dumbbells together above your shoulders and your arms straight out above you as your starting position.'),
(4121, 821, 3, 'Keeping your arms straight and with a slight bend in your elbows lower the dumbbells down towards the floor in an arc, up until just above your shoulders.'),
(4131, 821, 4, 'Return to the starting position in a slow controlled manner.'),
(4141, 821, 5, 'Repeat.'),
(4151, 831, 1, 'Grasp a dumbbell in each hand with an overhand grip (palms facing downwards) and hold them in front of your thighs.'),
(4161, 831, 2, 'Stand with your feet shoulder width apart, your abs drawn in and your back straight.'),
(4171, 831, 3, 'Starting with the dumbbells at your thighs, slowly raise them up towards your shoulders by bending your elbows.'),
(4181, 831, 4, 'Pause at the top and rotate your shoulder blades together.'),
(4191, 831, 5, 'Lower the dumbbells in a controlled motion to your thighs.'),
(4201, 831, 6, 'Repeat'),
(4211, 841, 1, 'Lay flat on a bench with your head at one end and your feet firmly planted on the floor.'),
(4221, 841, 2, 'Hold a dumbbell in each hand so your palms are faced towards your feet.'),
(4231, 841, 3, 'Drawing your abs in and keeping your back on the bench, raise the weights to the center of your chest.'),
(4241, 841, 4, 'Without moving elbows, slowly raise your arms up and out contracting your triceps.'),
(4251, 851, 1, 'Grasp a chin up bar with a slightly wider than shoulder width grip.'),
(4261, 851, 2, 'Keeping your body straight pull yourself up and to one side of the bar.'),
(4271, 851, 3, 'Lower your body back down to the starting position.'),
(4281, 851, 4, 'Raise yourself to the other side of the bar.'),
(4291, 851, 5, 'Repeat.'),
(4301, 861, 1, 'Grasp the bar with an supinated (overhand) grip so that your palms are facing.'),
(4311, 861, 2, 'Let your body hang from the bar with your arms straight.'),
(4321, 861, 3, 'Slowly pull yourself up so that your chin is higher than the bar.'),
(4331, 861, 4, 'With a controlled movement lower yourself to the starting position.'),
(4341, 861, 5, 'Repeat'),
(4351, 871, 1, 'Lie flat on a bench with your head hanging slightly over the end and your feet flat on the floor.'),
(4361, 871, 2, 'Hold a dumbbell with both hands, keep your elbows in throughout the exercise.'),
(4371, 871, 3, 'Starting with your arms fully extended over your chest, slowly lower the dumbbell in an arc over your head and towards the floor.'),
(4381, 871, 4, 'Pull the dumbbell back up to chest height in a slow controlled manner and return to starting position.'),
(4391, 871, 5, 'Repeat.'),
(4401, 881, 1, 'Grasp the pull up bar with a shoulder width underhand grip.'),
(4411, 881, 2, 'Hang from the bar with your arms fully extended.'),
(4421, 881, 3, 'Pulling yourself towards the bar lean your head back as far as you can and arch your spine.'),
(4431, 881, 4, 'Continuing pulling so that your collarbone passes the bar and you are able to touch your sternum to the bar.'),
(4441, 881, 5, 'Slowly lower yourself back to starting position.'),
(4451, 881, 6, 'Repeat this motion.'),
(4461, 891, 1, 'Place the barbell on the floor just behind your legs and stand with your feet shoulder width apart with your toes pointing forward.'),
(4471, 891, 2, 'With your feet firmly placed on the floor, reach down and grasp the barbell from behind with an overhand grip.'),
(4481, 891, 3, 'Lift the barbell by extending your hips and knees, taking care not to lock your knees.'),
(4491, 891, 4, 'Lower yourself (squat) down until your thighs are parallel to the floor.'),
(4501, 891, 5, 'Slowly raise yourself up to starting position.'),
(4511, 901, 1, 'Place a barbell on the floor in front of you with the resided weights attached.'),
(4521, 901, 2, 'With your knees bent and back straight grasp the bar with a wide overhand grip (palms facing downwards).'),
(4531, 901, 3, 'Keep your chest steady and your arms perpendicular to your chest.'),
(4541, 901, 4, 'Pull the bar as far up to your chest as you can.'),
(4551, 901, 5, 'Hold for a moment than lower the bar in a controlled manner.'),
(4561, 901, 6, 'Repeat.'),
(4571, 911, 1, 'Lie flat on your back with your knees bent and your feet firmly on the floor.'),
(4581, 911, 2, 'Draw in your abs and contract your lats, and glutes.'),
(4591, 911, 3, 'Have your partner hand you the bar and with your bicep parallel to the floor lift and extend your arm fully so it is straight.'),
(4601, 911, 4, 'Return to the starting position.'),
(4611, 911, 5, 'Complete reps and switch arms.'),
(4621, 921, 1, 'Attach a pulley to the lowest setting on cable machine.'),
(4631, 921, 2, 'Stand with your feet shoulder width apart, your abs drawn and your back straight.'),
(4641, 921, 3, 'Start with the pulley at waist height.'),
(4651, 921, 4, 'Grasp the pulley and shrug your shoulders up while keeping your arms extended.'),
(4661, 921, 5, 'Hold this position for a moment then with a controlled motion return to the starting position of the pulley to waist height.'),
(4671, 931, 1, 'Place the dumbbells at he head of the bench.'),
(4681, 931, 2, 'Lie facedown on a raised bench; raised enough for your arms to move freely beneath the bench.'),
(4691, 931, 3, 'Place your toes on the floor in order to stabilise yourself.'),
(4701, 931, 4, 'Grasp the dumbbells and with a 30 degree bend in your elbows, this is the starting position.'),
(4711, 931, 5, 'Raise your arms to shoulder height, maintaining a controlled motion.'),
(4721, 931, 6, 'Return to starting position and repeat.'),
(4731, 941, 1, 'Grasp the handle of the low pulley with your right hand.'),
(4741, 941, 2, 'Bend forward from the waist; your upper body should be nearly parallel with the floor. Bend your knees slightly and place your left hand on your left thigh. Let your right arm hang from your shoulder in front of you with your elbow slightly bent. This is your starting position.'),
(4751, 941, 3, 'Lift your right arm, keeping your elbow slightly bent.'),
(4761, 941, 4, 'Keep moving your arm until it is parallel to the floor, in line with your right ear.'),
(4771, 941, 5, 'Slowly bring the weight back down to the starting position.'),
(4781, 941, 6, 'Perform exercise on left arm and then repeat.'),
(4791, 951, 1, 'Secure an exercise to a post (or secure pole) and hold it in each hand.'),
(4801, 951, 2, 'Step forward so the band has some tension, facing away from the post.'),
(4811, 951, 3, ' Your arms at mid chest height and out to the side, palms facing forward this is your starting position.'),
(4821, 951, 4, 'Bring your hands together in front of you.'),
(4831, 951, 5, 'Hold this for a moment and then in a controlled motion return to starting position.'),
(4841, 961, 1, 'Standing at a cable tower attach an ankle cuff to a low pulley.'),
(4851, 961, 2, 'Facing the weight stack, with a slight bend in your knees and your abs drawn in'),
(4861, 961, 3, 'Slowly kick your ankle back in and arc as high as you are able to.'),
(4871, 961, 4, 'Return to starting position and switch ankles.'),
(4881, 971, 1, 'Lie on a decline bench with your feet higher than your head and your feet firmly on the ground.'),
(4891, 971, 2, 'Grasp the barbell with an extra wide grip (your hands near the plates) and starting at you’re your upper thighs raise the barbell in an arc over your head towards the floor.'),
(4901, 971, 3, 'Slowly return the barbell to starting position on your thighs.'),
(4911, 971, 4, 'Repeat.'),
(4921, 981, 1, 'Lie on an incline bench set at a 45 degree angle with a dumbbell in each hand and your feet flat on the ground.'),
(4931, 981, 2, 'Start with the dumbbells out to the sides of your chest, parallel to the floor as you would a regular Fly.'),
(4941, 981, 3, 'Raise the dumbbells over your chest in and arc, at the top turn your pinky finger in so they are facing each other.'),
(4951, 981, 4, 'Slowly return to starting position.'),
(4961, 981, 5, 'Repeat.'),
(4971, 991, 1, 'Place the Bosu ball flat side down on the floor.'),
(4981, 991, 2, 'Kneel on the floor with your arms fully extended on the ball, and body straight.'),
(4991, 991, 3, 'Keeping your abs drawn in and your body straight, by bending your elbows lower your chest to the ball.'),
(5001, 991, 4, 'Pause for a moment and then return to starting position.'),
(5011, 991, 5, 'Repeat.'),
(5021, 1001, 1, 'Lie on a flat bench and grasp a barbell using a medium grip (about 15” apart).'),
(5031, 1001, 2, 'Place the barbell on your upper thighs and lock your arms straight with a slight bend in your elbows.'),
(5041, 1001, 3, 'Draw your abs in and keeping your back flat on the bench, raise your arms up in an arc over and behind your head (as if you were performing a reverse pullover).'),
(5051, 1001, 4, 'Slowly return the barbell to the starting position on your thighs.'),
(5061, 1011, 1, 'Arrange the ball so that as you begin the exercise, one hand on the Bosu ball and the other on the floor.'),
(5071, 1011, 2, 'Place the ball flat side down on the floor.'),
(5081, 1011, 3, 'Kneel on the floor with your arms fully extended on the dome, and body straight.'),
(5091, 1011, 4, 'Keeping your abs drawn in and your body straight, lower your chest to the ball.'),
(5101, 1011, 5, 'Pause for a moment and then return to starting position.'),
(5111, 1011, 6, 'Repeat.'),
(5121, 1021, 1, 'Sitting upright with your abs drawn in grasp a Pull Down bar with and underhand grip shoulder width apart.'),
(5131, 1021, 2, 'Pull the bar down till the bar reaches your upper chest, keeping your elbows close to your body.'),
(5141, 1021, 3, 'Slowly return the bar to the starting position.'),
(5151, 1021, 4, 'Repeat.'),
(5161, 1031, 1, 'Adjust the machine so you are sitting at chest heights with the pads.'),
(5171, 1031, 2, 'Sit on the machine with your back flat.'),
(5181, 1031, 3, 'Place your forearms on the pads, parallel to the floor, this is starting position.'),
(5191, 1031, 4, 'Using your forearms, push the pads together slowly as you squeeze your chest.'),
(5201, 1031, 5, 'Return your arms to the stretched out starting position in a controlled motion.'),
(5211, 1031, 6, 'Repeat.'),
(5221, 1041, 1, 'Sitting upright with your abs drawn in grasp a Pull Down bar with and underhand grip shoulder width apart.'),
(5231, 1041, 2, 'Pull the bar down till the bar reaches your upper chest, keeping your elbows close to your body.'),
(5241, 1041, 3, 'Slowly return the bar to the starting position.'),
(5251, 1041, 4, 'Repeat.'),
(5261, 1051, 1, 'Lay face down on a flat bench high enough for your arms to hang down to the floor.'),
(5271, 1051, 2, 'Place a dumbbell at your side.'),
(5281, 1051, 3, 'Your other hand not grasping the dumbbell can be on the floor stabilising your movements.'),
(5291, 1051, 4, 'Grasp the dumbbell in your hand and raise your upper arm to shoulder height.'),
(5301, 1051, 5, 'Keep your arm straight and perpendicular to your chest with a slight bend in the elbow.'),
(5311, 1051, 6, 'In a slow controlled manner lower your arm to starting position.'),
(5321, 1061, 1, 'Grasp a Barbell or Dumbbell and sit on a Ball with your feet firmly placed on the floor.'),
(5331, 1061, 2, 'Lower your body so your upper abs are the only part of your body supported on the Ball.'),
(5341, 1061, 3, 'Bring the Barbell or Dumbbell to your chest with your arms extend.'),
(5351, 1061, 4, 'In an arcing motion raise the Barbell or Dumbbell over and behind your head towards the floor.'),
(5361, 1061, 5, 'Return to starting position.'),
(5371, 1061, 6, 'Repeat.'),
(5381, 1071, 1, 'Lie flat on a bench with your feet flat on the floor.'),
(5391, 1071, 2, 'Place your hands wider than shoulder width apart on the bar and lift it off the rack, this is starting position.'),
(5401, 1071, 3, 'Bring the bar over your chest and lower it till it is just above your body.'),
(5411, 1071, 4, 'Extend your arms upward and raise the bar straight up.'),
(5421, 1071, 5, 'Pause for a moment and with slow controlled movement, return the bar to starting position.'),
(5431, 1071, 6, 'Repeat.'),
(5441, 1081, 1, 'Adjust an incline bench to a 45 degree angle.'),
(5451, 1081, 2, 'Grasp dumbbells in each hand and sit down with your back against the bench, with your feet resting on the floor for support.'),
(5461, 1081, 3, 'Allow your arms to hang down at your sides.'),
(5471, 1081, 4, 'Keeping your elbow straight, raise the dumbbells up towards your head, contracting your biceps.'),
(5481, 1081, 5, 'In a controlled manner lower the weight and repeat.'),
(5491, 1091, 1, ' Adjust an incline bench to a 45 degree angle.'),
(5501, 1091, 2, 'Grasp dumbbells in each hand with and sit down with your back against the bench, with your feet resting on the floor for support.'),
(5511, 1091, 3, 'Allow your arms to hang down at your sides, your palms facing your body.'),
(5521, 1091, 4, 'Keeping your elbow straight, raise the dumbbells up towards your head, contracting your biceps.'),
(5531, 1091, 5, 'In a controlled manner lower the weight and repeat.');
INSERT INTO `steps` (`step_id`, `exercise_id`, `step_order`, `step_text`) VALUES
(5541, 1101, 1, 'Attach a stirrup handle to each side of a high pulley on a cable machine.'),
(5551, 1101, 2, 'Grasp the handles with palms facing up and stand with your feet shoulder width apart.'),
(5561, 1101, 3, 'Extend your arms fully to each side.'),
(5571, 1101, 4, 'Keeping your elbows steady, curl your wrists towards the sides of your head.'),
(5581, 1101, 5, 'Contract your biceps and pause for a moment.'),
(5591, 1101, 6, 'Then return to the starting position.'),
(5601, 1111, 1, 'Adjust the seat of the bench so your arms are level with the top of the bench. Rest your arms against the bench and extend them fully. Grasp the bar underhand (palms facing up) and pull it towards your head. Pause for a moment and then lower the bar back to starting position.'),
(5611, 1121, 1, 'Place a flat bench under a cable weight stack and attach a flat bar to the pulley.'),
(5621, 1121, 2, 'Lie down with your head towards the stack and your feet firmly on the floor.'),
(5631, 1121, 3, 'Grasp the bar with your palms down, about 8 inches apart, and extend your arms straight up.'),
(5641, 1121, 4, 'Curl the bar down in an arc touching your chin.'),
(5651, 1121, 5, 'Slowly return to the starting position.'),
(5661, 1131, 1, 'Lie on a flat bench with your head at one end and your feet planted firmly on the floor.'),
(5671, 1131, 2, 'With a dumbbell in each hand, palms facing in, bring your arms down to your sides, hanging off the bench.'),
(5681, 1131, 3, 'Slowly raise your arms up until they are level with your chest.'),
(5691, 1131, 4, 'Curl the dumbbells by twisting your palms, so that your forearms touch your biceps.'),
(5701, 1131, 5, 'Slowly lower your arms to the starting position.'),
(5711, 1141, 1, 'Attach a short bar to a cable pulley set on the lowest setting.'),
(5721, 1141, 2, 'Lie down on a mat or the floor with your feet touching the weight stack.'),
(5731, 1141, 3, 'Grasp the bar with and palms facing up.'),
(5741, 1141, 4, 'With your arms fully extended and your elbows at your sides, pull the bar in an arc to your chest.'),
(5751, 1141, 5, 'Pause for a moment contracting your biceps, and then return to the starting position.'),
(5761, 1151, 1, 'Lay face down on a high bench with your head at one end and your toes pressed against the floor to support you.'),
(5771, 1151, 2, 'Grasp a barbell with palms facing up, about 12 inches apart.'),
(5781, 1151, 3, 'Extending your arms to the floor, curl your arms back towards your head in a slight arc, so your biceps touch your forearm.'),
(5791, 1151, 4, 'Slowly return to the starting position.'),
(5801, 1161, 1, 'Adjust the seat of the bench so your arm is level with the top of the bench.'),
(5811, 1161, 2, 'Grasp a dumbbell in your hand with palms facing up.'),
(5821, 1161, 3, 'Rest your arm against the bench and extend it fully down.'),
(5831, 1161, 4, 'Keeping your arm on the bench at all times, curl the dumbbell up towards your head.'),
(5841, 1161, 5, 'Pause for a moment and then lower the dumbbell back to starting position.'),
(5851, 1161, 6, 'Switch arms and repeat.'),
(5861, 1171, 1, 'Adjust the seat of the bench so that your arms are level with the top of the bench.'),
(5871, 1171, 2, 'Grasp the bar with palms facing up, shoulder width apart.'),
(5881, 1171, 3, 'Picking up the bar, rest your arms against the bench and extend them fully.'),
(5891, 1171, 4, 'Keeping your arms on the bench at all times, curl the bar up towards your head.'),
(5901, 1171, 5, 'Pause for a moment and then lower the bar back to starting position.'),
(5911, 1181, 1, 'Stand with your feet shoulder width apart, your knees slightly bent and your abs drawn in.'),
(5921, 1181, 2, 'Grasp a barbell with palms up as wide as you comfortably can.'),
(5931, 1181, 3, 'Extend your arms fully against your thighs.'),
(5941, 1181, 4, 'Keeping your elbows straight, raise the bar towards your chest until your forearms touch your chest.'),
(5951, 1181, 5, 'Pause for moment and then return to the starting position.'),
(5961, 1191, 1, 'Adjust the seat of the bench so your arms are level with the top of the bench.'),
(5971, 1191, 2, 'Grasp a dumbbell in each hand with palms facing up.'),
(5981, 1191, 3, 'Picking up the dumbbells, rest your arms against the bench and extend them fully towards the floor.'),
(5991, 1191, 4, 'Keeping your arms on the bench at all times, curl the weight up towards your head.'),
(6001, 1191, 5, 'Pause for a moment and then lower the weights back to starting position.'),
(6011, 1201, 1, 'Attach a stirrup bar to a low cable pulley.'),
(6021, 1201, 2, 'Stand of the side of the weight stack with your legs shoulder width apart and your knees slightly bent and your abs drawn in.'),
(6031, 1201, 3, 'Grasp the stirrup in one hand with an palms facing up.'),
(6041, 1201, 4, 'Lower the stirrup to the top of your thighs.'),
(6051, 1201, 5, 'Keeping your elbows still, curl the stirrup up towards your chest.'),
(6061, 1201, 6, 'Slowly lower the stirrup to the starting position.'),
(6071, 1211, 1, 'Stand with your feet shoulder width apart, your knees slightly bent and your abs drawn in.'),
(6081, 1211, 2, 'Grasp a dumbbell in each arm with your palms facing each other, fully extend your arms along your sides.'),
(6091, 1211, 3, 'Curl your arms up and out, turning your palms up and out as you lift.'),
(6101, 1211, 4, 'Slowly lower the dumbbells to the starting position.'),
(6111, 1221, 1, 'Stand in front of an incline bench so your arm is resting on the top of the angled portion of the bench.'),
(6121, 1221, 2, 'Grasp a dumbbell in your hand with palms facing up.'),
(6131, 1221, 3, 'Rest your arm against the back bench and extend it fully down.'),
(6141, 1221, 4, 'Keeping your arm on the bench at all times, curl the dumbbell up towards your head.'),
(6151, 1221, 5, 'Pause for a moment and then lower the dumbbell back to starting position.'),
(6161, 1221, 6, 'Switch arms and repeat.'),
(6171, 1231, 1, 'Turn a Preacher Curl bench around so you are leaning against the angled side.'),
(6181, 1231, 2, 'Grasp a barbell with palms up, approximately 6 inches apart.'),
(6191, 1231, 3, 'Leaning against the bench, lower the bar along the flat side of the bench fully extending your arms.'),
(6201, 1231, 4, 'Curl your arms up so your biceps are touching your forearms.'),
(6211, 1231, 5, 'Slowly lower the bar to the starting position.'),
(6221, 1241, 1, 'Sit on the edge of a bench with your feet firmly planted on the floor.'),
(6231, 1241, 2, 'Keep your back straight and your abs drawn in.'),
(6241, 1241, 3, 'Grasp a dumbbell in each arm with your palms facing each other and fully extend your arms along your sides.'),
(6251, 1241, 4, 'Curl your arms up and out, turning your palms up and out as you lift.'),
(6261, 1241, 5, 'Slowly lower the dumbbells to the starting position.'),
(6271, 1251, 1, 'Sit on bench with your feet firmly on the floor and your back straight.'),
(6281, 1251, 2, 'Grasp a dumbbell in each hand with your palms facing each other.'),
(6291, 1251, 3, 'Lower the dumbbells to your sides and slowly curl your arms up so your palms are facing up.'),
(6301, 1251, 4, 'Squeeze your biceps at the top and slowly lower to the starting position.'),
(6311, 1261, 1, 'Sit on the end of a flat bench with your feet flat and your legs spread apart.'),
(6321, 1261, 2, 'Bend forward at your waist keeping your back straight.'),
(6331, 1261, 3, 'Grasp a barbell in your hands with a close grip approximately 6 inches apart with your palms facing up.'),
(6341, 1261, 4, 'With your elbow pressed against your inner thigh, curl the bar up towards your chest.'),
(6351, 1261, 5, 'Slowly lower the bar to the starting position near the floor.'),
(6361, 1271, 1, 'Stand with your feet shoulder width apart, your knees slightly bent and your abs drawn in.'),
(6371, 1271, 2, 'Grasp a plate in your hands with palms facing down, at the 11:00 and 1:00 o’clock position.'),
(6381, 1271, 3, 'Keeping your elbows and arms at your side, curl the slowly up towards your head.'),
(6391, 1271, 4, 'Slowly return to the starting position.'),
(6401, 1281, 1, 'Adjust the seat of the bench so that your arms are level with the top of the bench.'),
(6411, 1281, 2, 'Grasp a dumbbell in each hand with your palms facing each other, shoulder width apart and extend your arms fully along the bench.'),
(6421, 1281, 3, 'Keeping your arms and elbows on the bench at all times, curl the dumbbells up towards your head.'),
(6431, 1281, 4, 'Pause for a moment and then lower the bar back to starting position.'),
(6441, 1291, 1, 'Stand with your feet shoulder width apart, your knees slightly bent and your and your abs drawn in.'),
(6451, 1291, 2, 'Grasp a dumbbell in each hand with your palms facing each other.'),
(6461, 1291, 3, 'Start with your hands at your sides.'),
(6471, 1291, 4, 'Curl your arms up turning your wrists so they are facing down as the dumbbells reach your chest.'),
(6481, 1291, 5, 'Pause for a moment and then return to the starting position.'),
(6491, 1301, 1, 'Place a flat bench next to a cable weigh stack.'),
(6501, 1301, 2, 'Attach a short bar to the high pulley.'),
(6511, 1301, 3, 'Lay on your back with your head towards the stack.'),
(6521, 1301, 4, 'Grip the bar with palms facing you)and extend your arms fully on a slight angle over your head.'),
(6531, 1301, 5, 'Pull the bar down towards you, curling your arms as much as possible.'),
(6541, 1301, 6, 'Slowly return to the starting position.'),
(6551, 1311, 1, 'Sit on an incline bench with your feet firmly on the floor in front of you.'),
(6561, 1311, 2, 'Grasp a dumbbell with your palms facing up.'),
(6571, 1311, 3, 'Bring your arms down to your sides and while keeping your wrists as straight as possible, raise your wrists to your shoulders.'),
(6581, 1311, 4, 'Concentrate on squeezing your biceps as you contract (raise) your arms.'),
(6591, 1321, 1, 'Attach a rope to a cable pulley to the bottom of the weight stack. Stand with your feet shoulder width apart, your knees slightly bent and your abs drawn in. Grasp the rope with a close underhand grip (palms facing up). Lower your arms fully to above your thighs and bending only your elbows, raise the rope to your upper chest. Pause for a moment and then return to the starting position.'),
(6601, 1331, 1, 'Adjust an incline bench to a 45 degree angle.'),
(6611, 1331, 2, 'Grasp a barbell with a shoulder width grip and lean face down against the bench, with your feet resting on the floor for support.'),
(6621, 1331, 3, 'Allow your arms to hang down at your sides.'),
(6631, 1331, 4, 'Keeping your elbows straight, raise the bar up towards your head, contracting your biceps.'),
(6641, 1331, 5, 'In a controlled manner lower the weight and repeat.'),
(6651, 1341, 1, 'Adjust an incline bench to a 45 degree angle.'),
(6661, 1341, 2, 'Grasp a dumbbell in each hand and sit back on the bench with your feet firmly planted on the floor.'),
(6671, 1341, 3, 'Allow your arms to hang down at your sides.'),
(6681, 1341, 4, 'Keeping your elbow straight, raise your right arm up towards your head.'),
(6691, 1341, 5, 'In a controlled manner lower the weight and repeat with your left arm.'),
(6701, 1351, 1, 'Stand with our feet shoulder width apart, your knees slightly bent and your abs drawn in.'),
(6711, 1351, 2, 'Grasp a dumbbell in each hand so your palms are facing each other.'),
(6721, 1351, 3, 'Extend your arms so they are at the sides of your body.'),
(6731, 1351, 4, 'Keeping your elbows locked lift your left arm in an arc towards your left shoulder.'),
(6741, 1351, 5, 'Lower your arm and repeat with your right arm.'),
(6751, 1361, 1, 'Attach a short bar to a cable pulley to the bottom of the weight stack.'),
(6761, 1361, 2, 'Stand with your feet shoulder width apart, your knees slightly bent and your abs drawn in.'),
(6771, 1361, 3, 'Grasp the bar with palms facing up, and hands fairly close together.'),
(6781, 1361, 4, 'Lower your arms fully to above your thighs and bending only your elbows, raise the bar to your upper chest.'),
(6791, 1361, 5, 'Pause for a moment and then return to the starting position.'),
(6801, 1371, 1, 'Stand with your feet shoulder width apart, your knees slightly bent and your abs drawn in.'),
(6811, 1371, 2, 'Grasp a barbell with palms facing up, approximately shoulder width apart.'),
(6821, 1371, 3, 'Lower your arms fully to above your thighs and bending only your elbows, raise the bar to your upper chest.'),
(6831, 1371, 4, 'Pause for a moment and then return to the starting position.'),
(6841, 1381, 1, 'Adjust the seat height of the machine so your upper arms and elbows lie flat on the pad. Draw your abs in and sit upright with your back straight. With your arms fully extended grasp the handles and pull them towards your body. Hold for a moment and then slowly return to the starting position.'),
(6851, 1391, 1, 'Stand in front of a cable machine and attach a V Bar to a high pulley.'),
(6861, 1391, 2, 'Grasp the bar with palms facing down.'),
(6871, 1391, 3, 'Draw your abs in and keep your back straight.'),
(6881, 1391, 4, 'Keeping your elbows at your side push the bar down towards your thighs.'),
(6891, 1391, 5, 'Pause for a moment and then return to the starting position.'),
(6901, 1401, 1, 'Lie one side of your torso, and with your waist and hip against a Stability Ball, position your feet on the floor (or against a wall) for support.'),
(6911, 1401, 2, 'With one hand, hold a weight against the side of your head.'),
(6921, 1401, 3, 'Place your free hand across your chest to steady yourself.'),
(6931, 1401, 4, 'Raise your torso up off the ball by flexing your waist.'),
(6941, 1401, 5, 'With controlled movements lower yourself back onto the ball.'),
(6951, 1411, 1, 'Place a padded arm curl bench in front of a cable machine.'),
(6961, 1411, 2, 'Attach a short bar to the bottom pulley.'),
(6971, 1411, 3, 'Rest your arms against the bench and extend them fully.'),
(6981, 1411, 4, 'With a narrow grip (6 inches) grasp the bar with palms facing up and pull it towards your head.'),
(6991, 1411, 5, 'Pause for a moment and then lower the bar back to starting position.'),
(7001, 1421, 1, 'Stand with your feet shoulder width apart, your knees slightly bent and your abs drawn in.'),
(7011, 1421, 2, 'Grasp an EZ bar with an underhand close (4 inch) grip on the innermost part of the bar.'),
(7021, 1421, 3, 'Extend your arms fully against your thighs.'),
(7031, 1421, 4, 'Keeping your elbows straight, raise the bar towards your chest.'),
(7041, 1421, 5, 'Pause for moment and then return to the starting position.'),
(7051, 1431, 1, ' Stand with your feet shoulder width apart, your knees slightly bent and your abs drawn in.'),
(7061, 1431, 2, 'Grasp a dumbbell in each hand so your palms are facing each other.'),
(7071, 1431, 3, 'Extend your arms so they are at the sides of your body.'),
(7081, 1431, 4, 'Keeping your elbows locked lift your arms in an arc towards your shoulders.'),
(7091, 1431, 5, 'Lower your arms in a steady controlled motion and repeat.'),
(7101, 1441, 1, 'Stand with your feet shoulder width apart and your knees slightly bent.'),
(7111, 1441, 2, 'Grasp the barbell with palms up.'),
(7121, 1441, 3, 'Lower the bar so it is against your thighs.'),
(7131, 1441, 4, 'Keeping your elbows still, raise the bar up to your chest so that your forearms touch your biceps.'),
(7141, 1451, 1, 'Adjust an incline bench to a 45 degree angle.'),
(7151, 1451, 2, 'Grasp dumbbells in each hand and lean face down against the bench, with your feet resting on the floor for support.'),
(7161, 1451, 3, 'Allow your arms to hang down at your sides.'),
(7171, 1451, 4, 'Keeping your elbow straight, raise the dumbbells up towards your head, contracting your biceps.'),
(7181, 1451, 5, 'In a controlled manner, lower the weight and repeat.'),
(7191, 1461, 1, 'Stand with our feet shoulder width apart, your knees slightly bent and your abs drawn in.'),
(7201, 1461, 2, 'Grasp a dumbbell in each hand with your palms facing up.'),
(7211, 1461, 3, 'Extend your arms so they are at the sides of your body.'),
(7221, 1461, 4, 'Keeping your elbows, locked lift your arms to your chest so that your forearms touch your biceps.'),
(7231, 1461, 5, 'In a slow controlled manner, lower your arms to the starting position.'),
(7241, 1471, 1, 'Stand with your feet shoulder width apart, your knees slightly bent and your abs drawn in.'),
(7251, 1471, 2, 'Grasp a dumbbell in each hand so your palms are facing up.'),
(7261, 1471, 3, 'Extend your arms so they are at the sides of your body.'),
(7271, 1471, 4, 'Keeping your elbows locked lift your left arm to your chest so that your forearm touches your bicep.'),
(7281, 1471, 5, 'Lower your arm and repeat with your right arm.'),
(7291, 1481, 1, 'Stand with your feet shoulder width apart, your knees slightly bent, and your abs drawn in.'),
(7301, 1481, 2, 'Grasp the bar with palms down, shoulder width apart.'),
(7311, 1481, 3, 'Extend your arms fully so they are against your thighs.'),
(7321, 1481, 4, 'Slowly raise your arms, palms down, to touch your chest.'),
(7331, 1491, 1, 'While standing, grab a dumbbell in each arm with palms facing in.'),
(7341, 1491, 2, 'Keeping your palms facing in (and not twisting your arms) curl the dumbbell up towards your opposite shoulder.'),
(7351, 1491, 3, 'Bring the top of dumbbell up to and touching the shoulder.'),
(7361, 1491, 4, 'Slowly with a controlled manner, lower the dumbbell back to the starting position.'),
(7371, 1501, 1, 'Sit on the end of a flat bench with your feet flat and your legs spread apart.'),
(7381, 1501, 2, 'Grasp a dumbbell in your hand, palms facing up.'),
(7391, 1501, 3, 'With your elbow pressed against your inner thigh, curl the dumbbell up towards your chest.'),
(7401, 1501, 4, 'Slowly return to the starting position.'),
(7411, 1501, 5, 'Repeat and switch arms.'),
(7421, 1511, 1, 'Stand with your feet shoulder width apart, your knees slightly bent and your abs drawn in.'),
(7431, 1511, 2, 'Grasp a barbell with palms up, about 12 inches apart.'),
(7441, 1511, 3, 'Extend your arms fully against your thighs.'),
(7451, 1511, 4, 'Keeping your elbows straight, raise the bar towards your chest until your forearms touch your chest.'),
(7461, 1511, 5, 'Pause for moment and then return to the starting position.'),
(7471, 1521, 1, 'Grasp a dumbbell in each hand and lie against an incline bench, face up with your feet firmly planted on the floor.'),
(7481, 1521, 2, 'Extend your arms over your shoulders with your palms facing each other.'),
(7491, 1521, 3, 'Slowly lower the dumbbells behind your head by bending your elbows.'),
(7501, 1521, 4, 'With a controlled motion raise your arms back up to the starting position.'),
(7511, 1531, 1, 'Sit at a Preacher Curl Bench.'),
(7521, 1531, 2, 'Grasp a dumbbell in your hand with your palms facing up.'),
(7531, 1531, 3, 'Extend your arm fully along the bench.'),
(7541, 1531, 4, 'Curl your arm up turning your wrist so it faces down as the dumbbell reaches your chest.'),
(7551, 1531, 5, 'Pause for a moment and then return to the starting position and switch arms.'),
(7561, 1541, 1, 'Stand with your feet shoulder width apart, your knees slightly bent and your abs drawn in.'),
(7571, 1541, 2, 'Grasp a dumbbell in one hand and standing straight upright, bend at the waist as far as possible to one side.'),
(7581, 1541, 3, 'Slowly return back up to the staring position.'),
(7591, 1541, 4, 'Switch the dumbbell to your other hand and repeat the exercise.'),
(7601, 1551, 1, 'Place a barbell on the floor at your feet.'),
(7611, 1551, 2, 'Bending at the waist, grip the barbell with a shoulder with overhand grip.'),
(7621, 1551, 3, 'With a slow controlled motion, roll the bar out so that your back is straight.'),
(7631, 1551, 4, 'Keep your arms straight throughout the exercise.'),
(7641, 1551, 5, 'Roll back up raising your hips and butt as you return to the starting position.'),
(7651, 1561, 1, 'Lie on your back on a mat.'),
(7661, 1561, 2, 'Place your hands on either side of your head (over your ears).'),
(7671, 1561, 3, 'Raise your legs up, bending your knees and keeping your calves parallel to the floor.'),
(7681, 1561, 4, 'Bring your left arm elbow up to meet your right knee, as if riding a bike.'),
(7691, 1561, 5, 'Repeat with your right elbow and left knee.'),
(7701, 1561, 6, 'Continue alternating sides.'),
(7711, 1571, 1, 'Place a block or two free weight plates on the floor.'),
(7721, 1571, 2, 'Grasp a dumbbell in each hand and step up so the balls of your feet are on the block.'),
(7731, 1571, 3, 'Slowly lift your heels up and then lower them back to the floor getting as much of a stretch as possible.'),
(7741, 1571, 4, 'Lower your heels and bend your ankles to stretch your calves.'),
(7751, 1571, 5, 'Return to starting position.'),
(7761, 1581, 1, 'Stand with your toes on the footpad of the machine and adjust your shoulders under the upper pads.'),
(7771, 1581, 2, 'Raise up on the balls of your feet, lifting your heels off the pad.'),
(7781, 1581, 3, 'Hold for a moment and then return to the starting position.'),
(7791, 1591, 1, 'Place a block or two free weight plates on the floor.'),
(7801, 1591, 2, 'Place a barbell across your back and step up so the balls of your feet are on the block.'),
(7811, 1591, 3, 'Slowly lift your heels up and then lower them back to the floor getting as much of a stretch as possible.'),
(7821, 1591, 4, 'Return to starting position.'),
(7831, 1601, 1, 'Place a block or low box under the bar at a Smith Machine.'),
(7841, 1601, 2, 'Stand on the edge of the box with your toes hanging off.'),
(7851, 1601, 3, 'Place the bar across your shoulders and lean forward lifting your ankles off the box.'),
(7861, 1601, 4, 'Return to the starting position.'),
(7871, 1611, 1, 'Sit at a calf raise machine.'),
(7881, 1611, 2, 'Put the balls of your feet on the footpad.'),
(7891, 1611, 3, 'Place your thighs under the leg pad above your knees.'),
(7901, 1611, 4, 'Unlock the bar and slowly raise your toes up as far as possible.'),
(7911, 1611, 5, 'Pause for a moment and then return to the starting position.'),
(7921, 1621, 1, 'Stand with a bar across your shoulders.'),
(7931, 1621, 2, 'With your feet flat on the floor, lift your feet up and forward as if you are performing a calf raise.'),
(7941, 1621, 3, 'Then “rock” back onto your ankles so your toes are flexed and off the floor.'),
(7951, 1621, 4, 'Return to starting position.'),
(7961, 1631, 1, 'Stand with your feet a little closer than shoulder width apart.'),
(7971, 1631, 2, 'Keeping your arms across your chest or on your hips, move your knees in a circular motion, paying attention to keeping your feet flat on the floor and the movement in your ankles.'),
(7981, 1641, 1, 'Place a barbell on the floor in front of you.'),
(7991, 1641, 2, 'Start by kneeling in front of the bar, grip the barbell with a shoulder with overhand grip.'),
(8001, 1641, 3, 'With a slow controlled motion, roll the bar out so that your back is straight, bend your knees and keep your feet off the floor.'),
(8011, 1641, 4, 'Keep your arms straight throughout the exercise.'),
(8021, 1641, 5, 'Roll back up bring the bar under your shoulders and return to the starting position.'),
(8031, 1651, 1, 'Lie on your back with your arms outstretched to your sides.'),
(8041, 1651, 2, 'Bend your knees at a 60 degree angle and hold your feet up just off the floor.'),
(8051, 1651, 3, 'Keeping your back and arms down, raise your hips up and off the floor so that your knees are over your chest.'),
(8061, 1651, 4, 'Contract your abs for a moment and then return to the starting position.'),
(8071, 1661, 1, 'Sit on top of an exercise or stability ball with your feet placed firmly on the floor for support.'),
(8081, 1661, 2, 'Position yourself so that your lower back is centered on the middle of the ball.'),
(8091, 1661, 3, 'Lie back and bring your hands across your chest, or on either side of your head (over your ears).'),
(8101, 1661, 4, 'Raise your head, chest and shoulders up crunching your abs as you sit upright.'),
(8111, 1661, 5, 'Pause for a moment and then lower yourself to the starting position.'),
(8121, 1671, 1, 'Lie on a decline bench face up.'),
(8131, 1671, 2, 'Place your feet securely under the pads.'),
(8141, 1671, 3, 'Place your hands either across your chest or on either side of your head (over your ears).'),
(8151, 1671, 4, 'Raise your shoulders and chest up keeping your back straight and bring your left elbow to your right knee, slowly crunching your abs.'),
(8161, 1671, 5, 'Pause for a moment and then return to the starting position.'),
(8171, 1671, 6, 'Lay fully back and repeat with your right elbow to your left knee.'),
(8181, 1681, 1, 'Lie on a decline bench face up.'),
(8191, 1681, 2, 'Place your feet securely under the pads.'),
(8201, 1681, 3, 'Place your hands either across your chest or on either side of your head (over your ears).'),
(8211, 1681, 4, 'Lay fully back and then rise slowly crunching your abs.'),
(8221, 1681, 5, 'Pause for a moment and then return to the starting position.'),
(8231, 1691, 1, 'Lay down as if you were performing a pushup.'),
(8241, 1691, 2, 'Place your feet and shins over an exercise or stability ball.'),
(8251, 1691, 3, 'Keeping your back straight and supporting your weight on your hands, pull your knees towards your chest, so the ball rolls forward under your ankles.'),
(8261, 1691, 4, 'Crunch your abs and then roll the ball back to starting position straighten your legs.'),
(8271, 1701, 1, 'Place your feet shoulder width apart.'),
(8281, 1701, 2, 'Bend over the bar so your back is flat and parallel to the floor.'),
(8291, 1701, 3, 'Grasp the bar a bit wider than shoulder width apart with an overhand grip.'),
(8301, 1701, 4, 'Hold the bar at arms length, this is starting position.'),
(8311, 1701, 5, 'Slowly raise the bar to the lower part of your chest.'),
(8321, 1701, 6, 'Pause for a moment than return to starting position.'),
(8331, 1711, 1, 'Lie on your back with your feet up on a bench and your knees bent at a 90 degree angle.'),
(8341, 1711, 2, 'Place your hands across your chest or on either side of your head (over your ears).'),
(8351, 1711, 3, 'Raise your head, shoulders and chest off the floor and towards your knees, crunching your abs.'),
(8361, 1711, 4, 'Hold the position for a moment and then lower to the starting position.'),
(8371, 1721, 1, 'Lie on your back and place your feet up on a stability ball.'),
(8381, 1721, 2, 'Place your hands across your chest, or on either side of your head.'),
(8391, 1721, 3, 'Keeping the small of your back on the floor, raise your head, shoulders and chest up and off the floor.'),
(8401, 1721, 4, 'Pause for a moment contracting your abs and then return to the starting position.'),
(8411, 1731, 1, 'Lie on your back and bring your knees up to a 60 degree angle, keep your feet flat on the floor.'),
(8421, 1731, 2, 'Place your hands on either side of your head (over your ears).'),
(8431, 1731, 3, 'Curl up raising your right elbow and your left knee so that they touch over your chest.'),
(8441, 1731, 4, 'Return to the starting position and repeat with alternate arms and legs.'),
(8451, 1741, 1, 'Attach a rope to a high cable pulley.'),
(8461, 1741, 2, 'Place a bench in front of cable weight stack.'),
(8471, 1741, 3, 'Grasp the rope over your shoulders and sit with your back towards the stack.'),
(8481, 1741, 4, 'With your feet firmly on the floor and keeping your hips steady, flex at the waist bringing your elbows towards your knees.'),
(8491, 1741, 5, 'Return to the starting position.'),
(8501, 1751, 1, 'Place a block on the floor about one foot in front of a bench.'),
(8511, 1751, 2, 'Sit on the bench with a dumbbell across your upper thigh and the balls of one foot on the block.'),
(8521, 1751, 3, 'Slowly raise and lower your toe up as high as possible without lifting your foot off the block.'),
(8531, 1751, 4, 'Switch feet and repeat.'),
(8541, 1761, 1, 'Bend your waist and lean your arms against a weight rack or bench that is waist height.'),
(8551, 1761, 2, 'Have a partner sit on top of your lower back.'),
(8561, 1761, 3, 'Raise up on your toes leaning slightly forward.'),
(8571, 1761, 4, 'Pause at the top and then lower your heels to the floor.'),
(8581, 1771, 1, 'Stand with your toes on an exercise band and raise the handles up to your shoulders.'),
(8591, 1771, 2, 'Raise up on your toes, keeping your hands up by your shoulders.'),
(8601, 1771, 3, 'Pause for a moment and then lower your heel to the floor.'),
(8611, 1771, 4, 'Repeat.'),
(8621, 1781, 1, 'Hold a Medicine Ball in one hand with your palms facing up at shoulder height.'),
(8631, 1781, 2, 'Bring one foot back and into a lunge, keeping your front foot stationary and not letting your back knee touch the ground.'),
(8641, 1781, 3, 'While lunging, bring the ball down and back as if you were bowling.'),
(8651, 1781, 4, 'Bring your arm back up to the starting position, switch legs and repeat.'),
(8661, 1791, 1, 'Place a bungy under your feet and hold the handles palms forward in your hands.'),
(8671, 1791, 2, 'Stand with your feet shoulder width apart, knees slightly bent and your abs drawn in.'),
(8681, 1791, 3, 'Curl your arms up and down in an alternating motion, keeping your body straight.'),
(8691, 1791, 4, 'As you become comfortable with the motion, increase your speed.'),
(8701, 1801, 1, 'Grasp a dumbbell in each hand with palms facing up.'),
(8711, 1801, 2, 'Kneel on a Stability Ball, drawing your abs in and keeping your back straight.'),
(8721, 1801, 3, 'Raise one arm up over your shoulder and keep your other arm curled.'),
(8731, 1801, 4, 'Bend your raised arm back as if performing a triceps extension while lowering your other arm and curling it back.'),
(8741, 1801, 5, 'Return to starting position and repeat arms.'),
(8751, 1811, 1, 'Grasp an EZ Curl or barbell with palms facing up.'),
(8761, 1811, 2, 'Standing with your feet shoulder width apart and your knees slightly bent, draw your abs in.'),
(8771, 1811, 3, 'Extend your arms so the bar rests in front of your thighs.'),
(8781, 1811, 4, 'Bending at the waist, bring the bar down to just above the floor.'),
(8791, 1811, 5, 'As you return to a standing position, bring the bar up and curl your arms bringing your forearms to your biceps.'),
(8801, 1811, 6, 'Return the starting position and repeat.'),
(8811, 1821, 1, 'Grasp a dumbbell in one hand and sit on a Stability Ball with your feet wide apart.'),
(8821, 1821, 2, 'Bend forward leaning at the waist.'),
(8831, 1821, 3, 'With the dumbbell in your hand, place your elbow against your knee.'),
(8841, 1821, 4, 'Lower your arm so it is flat against your calves.'),
(8851, 1821, 5, 'Curl your arm up to your chest keeping your elbow steady.'),
(8861, 1821, 6, 'Return to starting position and change hands.'),
(8871, 1831, 1, 'Stand with your feet shoulder width apart, your knees slightly bent and your abs drawn in.'),
(8881, 1831, 2, 'Grasp a dumbbell in each hand with palms facing down.'),
(8891, 1831, 3, 'Keeping your arms at your side your elbows steady, lift the dumbbells up towards your shoulders.'),
(8901, 1831, 4, 'Pause for a moment and then return to the starting position.'),
(8911, 1841, 1, 'Stand with your feet shoulder width apart, your knees slightly bent and your abs drawn in.'),
(8921, 1841, 2, 'Grasp a dumbbell in each hand and curl your arms up to your shoulders.'),
(8931, 1841, 3, 'Bending at the waist, squat down as you lower your hands to the floor (the lower part of a curl).'),
(8941, 1841, 4, 'Pause for a moment and then return to the starting position.'),
(8951, 1851, 1, 'Grasp a dumbbell in each hand while sitting on a Stability Ball with your feet placed firmly in front of you, and your abs drawn in.'),
(8961, 1851, 2, 'Keeping your elbows at your side and your back straight, curl your arms up to your chest.'),
(8971, 1851, 3, 'Pause for a moment, contracting your biceps.'),
(8981, 1851, 4, 'Slowly lower your arms to the starting position.'),
(8991, 1861, 1, 'Stand with your feet shoulder width apart and your knees slightly bent.'),
(9001, 1861, 2, 'Grasp an Olympic bar (empty weight bar) in the middle with one hand so that the bar is equally balanced.'),
(9011, 1861, 3, 'Keep your free hand at your side for support.'),
(9021, 1861, 4, 'Curl the bar up so your forearm touches your bicep.'),
(9031, 1861, 5, 'Slowly lower the bar and change arms.'),
(9041, 1871, 1, 'Grasp a dumbbell in each hand with a palms up grip.'),
(9051, 1871, 2, 'Place the top of one foot behind you on a Stability Ball (see illustration) as if you were stretching your leg.'),
(9061, 1871, 3, 'Keep your back straight and your abs drawn in.'),
(9071, 1871, 4, 'Bring your arms down in front of your legs.'),
(9081, 1871, 5, 'Raise your arms up, curling and contracting your biceps.'),
(9091, 1871, 6, 'Lower your arms and return to starting position and switch legs.'),
(9101, 1881, 1, 'Grasp a dumbbell in each hand with your palms facing up.'),
(9111, 1881, 2, 'Stand with your feet together, your back straight and your abs drawn in.'),
(9121, 1881, 3, 'Allow your arms to extend down fully in front of your thighs.'),
(9131, 1881, 4, 'While keeping your body straight, take a step sideways and then bend your waist and your knee into a lunge.'),
(9141, 1881, 5, 'As you go into the lunge, curl your arms up towards your shoulders contracting your biceps.'),
(9151, 1881, 6, 'Return to starting position and switch legs.'),
(9161, 1891, 1, 'Sit down on a Leg Press Machine and press the plate up as if you were performing a leg press.'),
(9171, 1891, 2, 'Slide your feet down so that the balls of your feet are pressing against the rack (with your heels hanging free).'),
(9181, 1891, 3, 'Keeping the handles locked, press up and flex your toes and then slowly bring your toes back towards your body.'),
(9191, 1891, 4, 'Perform theses movements slowly for maximum benefit.'),
(9201, 1901, 1, 'Place a block on the floor about one foot in front of a bench.'),
(9211, 1901, 2, 'Sit on the bench with a barbell across your upper thighs and the balls of your feet on the block.'),
(9221, 1901, 3, 'Slowly raise and lower your toes up as high as possible without lifting your foot off the block.'),
(9231, 1911, 1, 'Place a Balance Board on the floor.'),
(9241, 1911, 2, 'Step onto the board with both feet and try to balance yourself.'),
(9251, 1921, 1, 'Stand on one foot near a chair or wall for support.'),
(9261, 1921, 2, 'Lift your foot off the ground and draw circles clockwise in the air with your toes.'),
(9271, 1921, 3, 'Reverse the direction (counter-clockwise) as well as switch feet.'),
(9281, 1931, 1, 'Grasp a dumbbell in each hand and sit on a dome.'),
(9291, 1931, 2, 'Keep your legs together and your knees bent.'),
(9301, 1931, 3, 'Draw in and hold your abs and keep your back straight.'),
(9311, 1931, 4, 'With you arms extended to your sides, curl and contract your biceps, bringing your forearms towards your shoulders.'),
(9321, 1931, 5, 'Slowly return to the starting position.'),
(9331, 1941, 1, 'Grasp a pair of dumbbells in each hand, palms facing up.'),
(9341, 1941, 2, 'Standing on one foot, extend your other foot back (see illustration) and extend your arms down so they are handing in front of your leg.'),
(9351, 1941, 3, 'While on one foot, curl your arms up contracting your biceps.'),
(9361, 1941, 4, 'Return to the starting position and switch legs.'),
(9371, 1951, 1, 'Sit on a Stability Ball with your feet firmly on the floor in front of you.'),
(9381, 1951, 2, 'Sit with your back straight, your shoulders back and your abs drawn in.'),
(9391, 1951, 3, 'Hold a Medicine Ball in one hand and curl it up bringing your forearm up to your bicep.'),
(9401, 1951, 4, 'Return to starting position and switch arms.'),
(9411, 1961, 1, 'Place a box or bench in front of you.'),
(9421, 1961, 2, 'Place a dumbbell in each hand with palms facing up.'),
(9431, 1961, 3, 'Keep your back straight, your shoulders back and your abs drawn in.'),
(9441, 1961, 4, 'With one leg, step up on to the box and raise your other leg up (as if taking another step).'),
(9451, 1961, 5, 'At the top of the step, curl your arms up by bringing your biceps towards your shoulders.'),
(9461, 1961, 6, 'Return to the starting position and switch legs.'),
(9471, 1971, 1, 'Grasp a dumbbell in each hand with your palms facing up.'),
(9481, 1971, 2, 'Stand with your feet together, your back straight and your abs drawn in.'),
(9491, 1971, 3, 'Allow your arms to extend down fully to the sides of your body.'),
(9501, 1971, 4, 'While keeping your body straight, take a step forward then bend your waist and your knee into a lunge.'),
(9511, 1971, 5, 'Be careful not to let your back knee drop to the floor.'),
(9521, 1971, 6, 'As you go into the lunge, curl your arms up towards your shoulders, contracting your biceps.'),
(9531, 1971, 7, 'Return to starting position and switch legs.'),
(9541, 1981, 1, 'Adjust the seat of the machine so your elbows are correctly aligned with the rotation axis.'),
(9551, 1981, 2, 'Press your arms against the pads and keep them stationary throughout the exercise.'),
(9561, 1981, 3, 'Curl your forearms until your arms are fully flexed.'),
(9571, 1981, 4, 'Slowly lower your arms back to the starting position.'),
(9581, 1991, 1, 'Lifting a barbell off of a weight rack, position it on your shoulders.'),
(9591, 1991, 2, 'Stand with your feet wider than shoulder width apart (about 30 inches apart) with your toes pointing out.'),
(9601, 1991, 3, 'Drawing your abs in descend slowly by bending at the knees and hips as if you are sitting down (squatting).'),
(9611, 1991, 4, 'Lower yourself as far as you can control without letting your body shift towards your toes (this will cause you to loose balance).'),
(9621, 1991, 5, 'Pause in the downward position and slowly return upright to the starting position.'),
(9631, 2001, 1, 'Lie face up on a Hack Squat machine with your shoulders against the pad.'),
(9641, 2001, 2, 'Place your feet facing forward at a distance of 6 inches apart with your toes point slightly outward.'),
(9651, 2001, 3, 'Release the dock levers and place your hands on the handgrips.'),
(9661, 2001, 4, 'Drawing your abs in, extend your body standing upright.'),
(9671, 2001, 5, 'Lower your body to a squatting position so your knees are bent as if you were sitting down.'),
(9681, 2001, 6, 'Return to the starting position.'),
(9691, 2011, 1, 'Adjust the shoulder rack of the machine so that your feet comfortably reach the crosspiece with a slight bend in your knees.'),
(9701, 2011, 2, 'To begin, press your feet forward and release the safety locks.'),
(9711, 2011, 3, 'Slowly lower the weight towards your body, keeping your abs drawn in and your knees moving in the same direction as your feet to a 90 degree angle.'),
(9721, 2011, 4, 'Do not lock your knees or bounce the weight.'),
(9731, 2021, 1, 'Sit on a leg press machine with your feet on the crosspiece 6 inches apart, with your toes pointed slightly outward.'),
(9741, 2021, 2, 'Grasp the handles on the side of the machine and release the locks.'),
(9751, 2021, 3, 'Keeping your abs drawn in, bend your knees and bring the weight as far as possible towards your chest.'),
(9761, 2021, 4, 'Hold this position for a moment and then slowly return the weight to starting position.'),
(9771, 2031, 1, 'Adjust the seat so that your knees have full range of motion and that the footpad fits over your legs, just above your ankles.'),
(9781, 2031, 2, 'Grasp the handles with your hands for support, keeping your hip and back against the bench.'),
(9791, 2031, 3, 'Slowly extend your legs until your knees are straight, but do not lock your knees.'),
(9801, 2031, 4, 'Hold for a moment and then with controlled movements return to the starting position.'),
(9811, 2041, 1, 'Place a barbell between your legs so it is perpendicular to your feet.'),
(9821, 2041, 2, 'Grasp the barbell with one hand in front of you and one hand behind you with an overhand grip.'),
(9831, 2041, 3, 'Squatting down so your thighs are parallel to the floor slowly lift the weight up between your legs as you stand.'),
(9841, 2041, 4, 'Slowly return to a starting position just above the floor.'),
(9851, 2051, 1, 'With a dumbbell in each hand, stand in a low squat stance, your feet shoulder width arms held out in front of you with your palms facing in.'),
(9861, 2051, 2, 'Standing upright, move your arms out and away from your body forming a “T” or “cross”.'),
(9871, 2061, 1, 'Place a bench behind you.'),
(9881, 2061, 2, 'Place the barbell on your upper chest, resting it across your front deltoids and holding it with your arms crossed securely.'),
(9891, 2061, 3, 'Keep your head and back straight, abs drawn in and your toes pointing slightly outward.'),
(9901, 2061, 4, 'Slowly “squat” down so your upper thighs are parallel to the floor.'),
(9911, 2061, 5, 'Slowly return to the starting position.'),
(9921, 2071, 1, 'Place the barbell on your upper chest, resting it across your front deltoids and holding it with your arms crossed securely.'),
(9931, 2071, 2, 'Keep your head and back straight, abs drawn in and toes pointing slightly outward.'),
(9941, 2071, 3, 'Slowly “squat” down so your upper thighs are parallel to the floor.'),
(9951, 2071, 4, 'Slowly return to the starting position.'),
(9961, 2081, 1, 'Place a bench, box or step in front of you.'),
(9971, 2081, 2, 'Grasp a dumbbell in each hand.'),
(9981, 2081, 3, 'With your left leg, step up on the bench, and follow by stepping up with your right leg.'),
(9991, 2081, 4, 'Step down with your left leg and then your right leg.'),
(10001, 2081, 5, 'Repeat starting with your right leg.'),
(10011, 2091, 1, 'Lifting a barbell off of a weight rack, position it on your shoulders.'),
(10021, 2091, 2, 'Place your feet about 6 inches apart with your knees and toes pointed slightly outward.'),
(10031, 2091, 3, 'Drawing your abs in, descend slowly by bending at the knees and hips as if you are sitting down (squatting).'),
(10041, 2091, 4, 'Lower yourself as far as you can control without letting your body shift towards your toes (this will cause you to loose balance).'),
(10051, 2091, 5, 'Pause in the downward position and slowly return upright to the starting position.'),
(10061, 2101, 1, 'Place a bench or box 12-18 inches tall behind you. The taller the box the greater the difficulty of the exercise.'),
(10071, 2101, 2, 'Lifting a barbell off of a weight rack, position it on your shoulders.'),
(10081, 2101, 3, 'Place one foot up on the bench, and your other foot firmly on the floor 2-3 feet in front you.'),
(10091, 2101, 4, 'Drawing your abs in descend slowly by bending your front knee and hip as if you are sitting down (squatting).'),
(10101, 2101, 5, 'Lower yourself as far as you can control without letting your body shift towards your toe (this will cause you to loose balance).'),
(10111, 2101, 6, 'Pause in the downward position and slowly return upright to the starting position.'),
(10121, 2101, 7, 'Switch legs and repeat.'),
(10131, 2111, 1, 'Grasp a weight rack or bar for support with one arm and hold a free weight plate across your chest with your other hand.'),
(10141, 2111, 2, 'With your abs drawn in, squat down lowering your body to the floor until your knees are almost fully flexed.'),
(10151, 2111, 3, 'Return to the starting position.'),
(10161, 2121, 1, 'Sit on the machine and place your knees against the pads.'),
(10171, 2121, 2, 'Draw your abs in and “adduct” or move your thighs together.'),
(10181, 2121, 3, 'Slowly return to the starting position and repeat.'),
(10191, 2131, 1, 'Sit on the machine and place your knees against the pads.'),
(10201, 2131, 2, 'Draw your abs in and “abduct” or move your thighs apart against the pads.'),
(10211, 2131, 3, 'Slowly return to the starting position and repeat.'),
(10221, 2141, 1, 'Stand with your feet on the exercise bands with your feet shoulder width apart.'),
(10231, 2141, 2, 'Grasp the handles of the bands and pull them up to your shoulders.'),
(10241, 2141, 3, 'With your abs drawn in, squat down until your thighs are parallel with the floor.'),
(10251, 2141, 4, 'Slowly return to the starting position.'),
(10261, 2151, 1, 'Place your feet slightly wider than shoulder width apart with your knees and toes pointed slightly outward.'),
(10271, 2151, 2, 'Drawing your abs in, descend slowly by bending at the knees and hips as if you are sitting down (squatting).'),
(10281, 2151, 3, 'Lower yourself as far as you can control without letting your body shift towards your toes (this will cause you to loose balance).'),
(10291, 2151, 4, 'Pause in the downward position and slowly return upright to the starting position.'),
(10301, 2161, 1, 'Stand with your feet 2-4 inches wider than your shoulders, with your toes pointed out at a 45 degree angle.'),
(10311, 2161, 2, 'Grasp a dumbbell with both hands in the center of your body.'),
(10321, 2161, 3, 'Keep your knees slightly bent and your back straight.'),
(10331, 2161, 4, 'Squat down as if you were going to sit in a chair, bringing your thighs parallel to the floor.'),
(10341, 2161, 5, 'With a controlled motion return to starting position.'),
(10351, 2171, 1, 'Stand with your feet a bit wider than shoulder width apart with your toes pointed slightly outward.'),
(10361, 2171, 2, 'Grasp a barbell using a wide side snatch grip with your arms and elbows fully extended.'),
(10371, 2171, 3, 'Keeping the bar overhead, bend your knees and lower your body until your thighs are parallel with the floor.'),
(10381, 2171, 4, 'Return to starting position.'),
(10391, 2181, 1, 'Stand besides a barbell placed on the floor.'),
(10401, 2181, 2, 'Grasp the bar with an overhand grip in the center.'),
(10411, 2181, 3, 'Crouching down as if your were performing a squat, bend down so your thighs are parallel with the floor.'),
(10421, 2181, 4, 'Extend your legs slowly as you straighten your body up, drawing in your abs as you rise.'),
(10431, 2191, 1, 'Stand with your feet shoulder width apart, and a slight bend in your knees.'),
(10441, 2191, 2, 'Grasp the bar with an overhead grip.'),
(10451, 2191, 3, 'Starting with the barbell held slightly above the knees (hang position), lift the weight up over your head (step 1) then back to shoulder height (step 2) and finally back to starting position between near your knees.'),
(10461, 2201, 1, 'Place a bench behind you.'),
(10471, 2201, 2, 'Grasp a dumbbell in each hand.'),
(10481, 2201, 3, 'Place your feet slightly wider than shoulder width apart with your knees and toes pointed slightly outward.'),
(10491, 2201, 4, 'Drawing your abs in descend slowly by squatting down and bending at the knees and hips.'),
(10501, 2201, 5, 'Lower yourself as far as you can control without letting your body shift towards your toes (this will cause you to loose balance).'),
(10511, 2201, 6, 'Pause in the downward position and slowly return upright to the starting position.'),
(10521, 2211, 1, 'Stand alongside a cable pulley stack and attach a cuff to the pulley and your ankle.'),
(10531, 2211, 2, 'Step away from the stack, holding onto the stack for support.'),
(10541, 2211, 3, 'Standing firm on the foot not attached to the cable and slowly abduct, or pull, your cuffed ankle in front of your stabilizing leg.'),
(10551, 2211, 4, 'Repeat and switch ankles.'),
(10561, 2221, 1, 'Place a bench, box or step in front of you.'),
(10571, 2221, 2, 'Grasp a barbell with a wide grip and place it across your shoulders.'),
(10581, 2221, 3, 'With your left leg, step up on the bench, and follow by stepping up with your right leg.'),
(10591, 2221, 4, 'Step down with your left leg and then your right leg.'),
(10601, 2221, 5, 'Repeat starting with your right leg.'),
(10611, 2231, 1, 'Lie face down on a leg curl machine and place your heels under the roller pad.'),
(10621, 2231, 2, 'Grasp the grips with your hands for support and slowly curl your ankles up towards your back.'),
(10631, 2231, 3, 'Hold for a moment and then return to starting position.'),
(10641, 2231, 4, 'Repeat.'),
(10651, 2241, 1, 'Lie face down on a bench with your hips on the edge, hold onto the bench with your hands.'),
(10661, 2241, 2, 'Allow your legs and toes hang down.'),
(10671, 2241, 3, 'Draw your abs in, squeeze your gluts and hamstrings.'),
(10681, 2241, 4, 'Kick each back and up while keeping your hips on the bench.'),
(10691, 2241, 5, 'Alternate kicking each leg.'),
(10701, 2251, 1, 'Grasp a dumbbell in each hand.'),
(10711, 2251, 2, 'Stand with your feet about 8 inches apart, toes facing forward.'),
(10721, 2251, 3, 'Take a step forward (2-3 feet) keeping your abs drawn in and your upper body straight.'),
(10731, 2251, 4, 'Slowly lower one knee down as if kneeling while keeping your other knee bent at a 90 degree angle, do not let your knee touch the ground.'),
(10741, 2251, 5, 'Lower your body so that the rear knee is just above the floor and hold for a moment before returning to the starting position.'),
(10751, 2251, 6, 'Repeat on opposite side.'),
(10761, 2261, 1, 'Start by placing a barbell across your upper back, using a grip slightly wider than your shoulders.'),
(10771, 2261, 2, 'Stand with your feet about 8 inches apart, toes facing forward.'),
(10781, 2261, 3, 'Take a step forward (2-3 feet) keeping your abs drawn in and your upper body straight.'),
(10791, 2261, 4, 'Slowly lower one knee down as if kneeling while keeping your other knee bent at a 90 degree angle, do not let your knee touch the ground.'),
(10801, 2261, 5, 'Lower your body so that your rear knee is just above the floor and hold for a moment before returning to the starting position.'),
(10811, 2261, 6, 'Repeat on other side.'),
(10821, 2271, 1, 'Stand on the band so that the handles are level with your upper thigh.'),
(10831, 2271, 2, 'With your back straight and abs drawn in raise your hands upward to your collarbone.'),
(10841, 2271, 3, 'Your elbows and arms should be parallel with the floor.'),
(10851, 2271, 4, 'Slowly lower your arms and return to starting position.'),
(10861, 2281, 1, 'Lie on a flat bench with your free hand holding the bench.'),
(10871, 2281, 2, 'Grasp the dumbbell in your other hand and with your forearm parallel to the floor raise your arm in an arc the middle of your chest.'),
(10881, 2281, 3, 'Once the dumbbell is at the middle of your chest line, slowly lower is along the same path to starting position.'),
(10891, 2281, 4, 'Repeat.'),
(10901, 2291, 1, 'Sit on the floor with your body close to low cable pulley.'),
(10911, 2291, 2, 'Grasp the pulley with your left arm and position your elbow bent at 90 degree angle.'),
(10921, 2291, 3, 'Pull the cable towards your body and internally rotate your shoulder until your forearm is across your abs.'),
(10931, 2291, 4, 'Return to starting position.'),
(10941, 2291, 5, 'Repeat with right arm.');
INSERT INTO `steps` (`step_id`, `exercise_id`, `step_order`, `step_text`) VALUES
(10951, 2301, 1, 'Rest your forehead on an incline bench in oder to stabilise your movements so you are bent over with your back parallel to the floor, draw your abs in.'),
(10961, 2301, 2, 'Grasp dumbbells in your hands with your arms straight and elbows slightly bent ensuring they are not locked.'),
(10971, 2301, 3, 'Slowly raise the dumbbells up to shoulder height.'),
(10981, 2301, 4, 'Pause for a moment and then return to the starting position.'),
(10991, 2301, 5, 'Repeat.'),
(11001, 2311, 1, 'Place an exercise band around a post or machine at mid chest height.'),
(11011, 2311, 2, 'Stand with your feet shoulder width apart, abs drawn in and knees slightly bent.'),
(11021, 2311, 3, 'Stand back from the post so there is tension in the band, grasping the band with your arms extended in front of you and a slight bend in your elbows; this is your starting position.'),
(11031, 2311, 4, 'Bring your arms back in a controlled motion till they are parallel at your sides and in line with your shoulders.'),
(11041, 2311, 5, 'Slowly return your arms to the starting position in front of your chest.'),
(11051, 2311, 6, 'Repeat.'),
(11061, 2321, 1, 'Place a barbell in front of your feet on the ground.'),
(11071, 2321, 2, 'Grasp the barbell with a grip a bit wider than shoulder width apart.'),
(11081, 2321, 3, 'Bend your knees slightly, keeping your hips and back straight.'),
(11091, 2321, 4, 'Lift the bar straight up concentrating on using your hips as you stand.'),
(11101, 2321, 5, 'Stand with the bar resting against your thighs.'),
(11111, 2321, 6, 'Lower the bar to the floor with a slight bend in your knees flexing your hips back for stability.'),
(11121, 2331, 1, 'Adjust the machine so that the footpad is just above your heels.'),
(11131, 2331, 2, 'Sit upright with your abs drawn in and your legs in front of you.'),
(11141, 2331, 3, 'Slowly curl your legs back towards you and hold for a moment.'),
(11151, 2331, 4, 'With controlled movement return to the starting position.'),
(11161, 2341, 1, 'Place a bench behind you.'),
(11171, 2341, 2, 'Lifting a barbell off of a weight rack, position it on your shoulders.'),
(11181, 2341, 3, 'Place your feet slightly wider than shoulder width apart with your knees and toes pointed slightly outward.'),
(11191, 2341, 4, 'Drawing your abs in, descend slowly and squat down, bending at the knees and hips.'),
(11201, 2341, 5, 'Lower yourself as far as you can control without letting your body shift towards your toes (this will cause you to loose balance). Do not sit on the bench.'),
(11211, 2341, 6, 'Pause in the downward position and slowly return upright to the starting position.'),
(11221, 2351, 1, 'Place a barbell on your back, above your shoulders with a wide grip.'),
(11231, 2351, 2, 'Cross the lower leg above the knee of your supporting leg (the leg you will squat with).'),
(11241, 2351, 3, 'Squat down as low as you are able.'),
(11251, 2351, 4, 'Slowly return to an upright position by straightening your hip and knee.'),
(11261, 2351, 5, 'Switch legs and repeat.'),
(11271, 2361, 1, 'Place a barbell on your shoulders and grasp it with a wide grip.'),
(11281, 2361, 2, 'Stand with your feet wide apart, with the foot of the leg you will be leaning towards angled out.'),
(11291, 2361, 3, 'Bring your lower body to your foot by bending the hip and knee of your lead leg, and keeping your other leg fairly straight.'),
(11301, 2361, 4, 'Return to the starting position and switch legs.'),
(11311, 2371, 1, 'Grasp a dumbbell in each hand.'),
(11321, 2371, 2, 'Stand with feet slightly wider than shoulder width apart with your knees and toes pointed slightly outward.'),
(11331, 2371, 3, 'Drawing your abs in descend slowly by bending at the knees and hips as if you are sitting down (squatting).'),
(11341, 2371, 4, 'Lower yourself as far as you can control without letting your body shift towards your toes (this will cause you to loose balance).'),
(11351, 2371, 5, 'Pause in the downward position and slowly return upright to the starting position.'),
(11361, 2381, 1, 'Grasp a dumbbell in each hand.'),
(11371, 2381, 2, 'Stand with your feet approximately 8 inches apart with your toes pointing forward.'),
(11381, 2381, 3, 'Slowly take a step backward with your right leg.'),
(11391, 2381, 4, 'Keeping your abs drawn in and your upper body straight, lower your body until your left knee is almost on the ground. You may choose to place a mat or towel under your knee.'),
(11401, 2381, 5, 'Hold for a moment and then return to starting position.'),
(11411, 2391, 1, 'Place a barbell on a rack at chest height.'),
(11421, 2391, 2, 'Lift the barbell of of the rack and onto your shoulders, gripping the bar slightly wider than shoulder width apart.'),
(11431, 2391, 3, 'Stand with your feet approximately 8 inches apart with your toes pointing forward.'),
(11441, 2391, 4, 'Slowly take a step backward with your right leg.'),
(11451, 2391, 5, 'Keeping your abs drawn in and your upper body straight, lower your body until your left knee is almost on the ground. You may choose to place a mat or towel under your knee.'),
(11461, 2391, 6, 'Hold for a moment and then return to starting position.'),
(11471, 2401, 1, 'Adjust the seat of the machine so that your feet comfortably reach the crosspiece with a slight bend in your knees.'),
(11481, 2401, 2, 'To begin, press your feet forward at a shoulder width stance and release the safety locks.'),
(11491, 2401, 3, 'Slowly lower the weight towards your body, keeping your abs drawn in and your knees moving in the same direction as your feet to a 90 degree angle.'),
(11501, 2401, 4, 'Do not lock your knees or bounce the weight.'),
(11511, 2411, 1, 'Adjust the bar to a low setting just above your ankles.'),
(11521, 2411, 2, 'Stand with the bar on the floor just behind your legs, with your feet shoulder width apart and your toes pointing forward.'),
(11531, 2411, 3, 'With your feet firmly placed on the floor reach down and grasp the bar from behind, with an overhand grip.'),
(11541, 2411, 4, 'Lift the bar by extending your hips and knees, taking care not to lock your knees.'),
(11551, 2411, 5, 'Lower yourself (squat) down until your thighs are parallel to the floor.'),
(11561, 2411, 6, 'Slowly raise yourself up to starting position.'),
(11571, 2421, 1, 'Start by either placing a barbell across your upper back or by grasping a dumbbell in each hand.'),
(11581, 2421, 2, 'Stand with your feet about 8 inches apart, toes facing forward.'),
(11591, 2421, 3, 'Take a lunge forward keeping your abs drawn in and your upper body straight.'),
(11601, 2421, 4, 'Slowly lower one knee down as if kneeling while keeping your other knee bent at a 90 degree angle, do not let your knee touch the ground.'),
(11611, 2421, 5, 'Lower your body to just above the floor and hold for a moment before pushing off with the back foot.'),
(11621, 2421, 6, 'Step through and repeat the exercise with the other leg.'),
(11631, 2431, 1, 'Stand upright with your feet shoulder width apart.'),
(11641, 2431, 2, 'Place a Swiss ball at chest height against a wall and with your left hand, roll the ball in small circles against the wall.'),
(11651, 2431, 3, 'Keep your arm fully extended with a slight bend in the elbow.'),
(11661, 2431, 4, 'Reverse the direction of the circles.'),
(11671, 2431, 5, 'Switch arms.'),
(11681, 2441, 1, 'Lift a barbell off of a weight rack and place across your chest. Hold the barbell with your arms crossed.'),
(11691, 2441, 2, 'Place your feet slightly wider than shoulder width apart with your knees and toes pointed slightly outward.'),
(11701, 2441, 3, 'Drawing your abs in, descend slowly by bending at the knees and hips as if you are sitting down (squatting).'),
(11711, 2441, 4, 'Lower yourself as far as you can control without letting your body shift towards your toes (this will cause you to loose balance).'),
(11721, 2441, 5, 'Pause in the downward position and slowly return upright to the starting position.'),
(11731, 2451, 1, 'Stand in front of a cable machine and attach a rope to a high pulley.'),
(11741, 2451, 2, 'Grasp the rope with palms facing down.'),
(11751, 2451, 3, 'Draw your abs in and keep your back straight.'),
(11761, 2451, 4, 'Keeping your elbows at your side push the rope down towards your thighs, if possible “split” the rope apart at the bottom.'),
(11771, 2451, 5, 'Pause for a moment and then return to the starting position.'),
(11781, 2461, 1, 'Sit on a short, straight backed bench with your feet planted firmly on the floor.'),
(11791, 2461, 2, 'Drawing your abs in, grasp the dumbbell with both hands with a palms up grip.'),
(11801, 2461, 3, 'Raise the weight over your head, this is your starting position.'),
(11811, 2461, 4, 'Lower the dumbbell in an arc from above your head to behind your back.'),
(11821, 2461, 5, 'Slowly return to the starting position.'),
(11831, 2471, 1, 'Sit on a short straight back chair with your feet firmly placed on the floor and your back straight.'),
(11841, 2471, 2, 'Grasp an EZ or Curl bar, or barbell with a grip about 6 inches apart.'),
(11851, 2471, 3, 'Raise the bar to arms length above your head and then lower the bar in an arc towards the floor behind your head.'),
(11861, 2471, 4, 'Return to starting position.'),
(11871, 2481, 1, 'Sit on the edge of a bench with your feet flat on the floor.'),
(11881, 2481, 2, 'Hold a dumbbell in each hand.'),
(11891, 2481, 3, 'Bring your arms up to your side so the dumbbell is almost parallel to your chest, keeping your lower arm vertical.'),
(11901, 2481, 4, 'Press your arm back in arc towards your back.'),
(11911, 2481, 5, 'Return to the starting position repeat and switch arms.'),
(11921, 2491, 1, 'Sit on the edge of a bench with your feet flat on the floor.'),
(11931, 2491, 2, 'Hold a dumbbell in your right hand.'),
(11941, 2491, 3, 'Bring your right arm up to your side so the dumbbell is almost parallel to your chest, keeping your lower arm vertical.'),
(11951, 2491, 4, 'Press your arm back in arc.'),
(11961, 2491, 5, 'Return to the starting position repeat and switch arms.'),
(11971, 2501, 1, 'Lie on a flat bench with your head at one end and your feet placed firmly on the floor.'),
(11981, 2501, 2, 'Grasp a barbell with palms facing your head about 16 inches apart.'),
(11991, 2501, 3, 'Move the bar over your chest (about 1 inch below your nipples).'),
(12001, 2501, 4, 'Extend your arms fully raising the bar fully and then lower the bar to the starting position.'),
(12011, 2511, 1, 'Stand in front of a cable machine and attach a bar to a high pulley.'),
(12021, 2511, 2, 'Grasp the handle with palms facing up.'),
(12031, 2511, 3, 'Keeping your elbows at your side, pull the handle down towards your thighs.'),
(12041, 2511, 4, 'Pause for a moment and then return to the starting position.'),
(12051, 2521, 1, 'Kneel down on the floor or a mat, placing your hand thumbs together and raise your up on your toes.'),
(12061, 2521, 2, 'Draw your abs in and keep your back and neck in a straight line.'),
(12071, 2521, 3, 'Slowly lower your body towards the floor, by bending your arms, until you are nearly touching the floor.'),
(12081, 2521, 4, 'In a controlled manner raise your body back up to the starting position.'),
(12091, 2531, 1, 'Lie flat in a bench with your head at one end and your feet placed firmly on the floor.'),
(12101, 2531, 2, 'Grasp a dumbbell in one hand and raise it to a position above your chest, with your palm facing the floor.'),
(12111, 2531, 3, 'Place your free hand under the shoulder to support your other arm. Slowly bend your elbow over your head with the weight moving only your forearm and elbow.'),
(12121, 2531, 4, 'Return to the starting position and repeat with your other arm.'),
(12131, 2541, 1, 'Lie flat in a bench with your head at one end and your feet placed firmly on the floor.'),
(12141, 2541, 2, 'Grasp a dumbbell in one hand and raise it to a position above your chest, with your palm facing your feet.'),
(12151, 2541, 3, 'Place your free hand under the shoulder to support your other arm.'),
(12161, 2541, 4, 'Slowly lower the weight moving only your forearm and elbow towards and away from your chest.'),
(12171, 2541, 5, 'Repeat with your other arm.'),
(12181, 2551, 1, 'Place a flat bench in the middle of a Smith Machine.'),
(12191, 2551, 2, 'Using a close grip (about 6 inches apart) unlatch the bar and lower it towards your chest.'),
(12201, 2551, 3, 'Pause just before the bar hits your chest and raise the bar by extending your arms to the starting position.'),
(12211, 2561, 1, 'Stand with your feet shoulder width apart, your abs drawn in and your back straight as you bend at the waist.'),
(12221, 2561, 2, 'Hold a dumbbell in your right hand.'),
(12231, 2561, 3, 'Bring your right arm up to your side so the dumbbell is almost parallel to your chest, keeping your lower arm vertical and press your arm back in arc.'),
(12241, 2561, 4, 'Return to the starting position repeat and switch arms.'),
(12251, 2571, 1, 'Stand in front of a cable machine and attach a short bar to a high pulley.'),
(12261, 2571, 2, 'Grasp the handle with your palms facing down.'),
(12271, 2571, 3, 'Draw your abs in and keep your back straight.'),
(12281, 2571, 4, 'Keeping your elbows at your side push the handle down towards your thighs.'),
(12291, 2571, 5, 'Pause for a moment and then return to the starting position.'),
(12301, 2581, 1, 'Standing along side a flat bench, bend your left knee and place it on the bench.'),
(12311, 2581, 2, 'Place your left hand on the bench for support, keeping your back at a 45 degree angle.'),
(12321, 2581, 3, 'Hold a dumbbell in your right hand and place your right foot on the floor.'),
(12331, 2581, 4, 'Bend your right arm and raise it up to your shoulder, then with controlled motion kick it back, fully extending your arm.'),
(12341, 2581, 5, 'Switch arms and repeat.'),
(12351, 2591, 1, 'Lay flat on a bench with your head at one end and your feet firmly planted on the floor.'),
(12361, 2591, 2, 'Hold a dumbbell in each hand so your palms are facing your feet.'),
(12371, 2591, 3, 'Drawing your abs in and keeping your back on the bench, raise the weights to the center of your chest.'),
(12381, 2591, 4, 'Without moving elbows, slowly raise your arms up and out contracting your triceps.'),
(12391, 2601, 1, 'Stand with your feet shoulder width apart, your back straight and your abs drawn in.'),
(12401, 2601, 2, 'Hold a towel or rope facing up behind and in back of your head.'),
(12411, 2601, 3, 'Have a partner hold the towel taught during the exercise so the resistance is constant.'),
(12421, 2601, 4, 'Lower your forearms down until they reach your biceps, then slowly raise your arms back up to starting position.'),
(12431, 2611, 1, 'Stand with your feet shoulder width apart, your back straight and your abs drawn in.'),
(12441, 2611, 2, 'Hold a barbell or EZ Curl bar about 6-8 inches apart with your palms facing up.'),
(12451, 2611, 3, 'Raise the bar over your head and slowly lower the dumbbell in an arc behind your head, towards your back.'),
(12461, 2611, 4, 'Slowly raise the bar back up to the starting position.'),
(12471, 2621, 1, 'Stand with your feet shoulder width apart, your back straight and your abs drawn in.'),
(12481, 2621, 2, 'Hold a dumbbell in your right hand with your palms facing up.'),
(12491, 2621, 3, 'Raise the dumbbell over your head and slowly lower the dumbbell in an arc behind your head, so that the dumbbell lines up with your spine.'),
(12501, 2621, 4, 'Slowly raise the dumbbell back up to the starting position.'),
(12511, 2621, 5, 'Switch arms and repeat.'),
(12521, 2631, 1, 'Attach a handle to a low cable pulley machine.'),
(12531, 2631, 2, 'Stand with your back to the weight stack, your feet shoulder width apart.'),
(12541, 2631, 3, 'With your left hand, reach behind you and grasp the handle.'),
(12551, 2631, 4, 'Place your right hand on your left elbow for support.'),
(12561, 2631, 5, 'Extend your left arm straight up towards the ceiling and then lower it to the starting position.'),
(12571, 2631, 6, 'Repeat and switch arms.'),
(12581, 2641, 1, 'Stand with your feet shoulder width apart, your back straight and your abs drawn in.'),
(12591, 2641, 2, 'Hold a dumbbell in both hands, with your palms facing up.'),
(12601, 2641, 3, 'Raise the dumbbell over your head and slowly lower the dumbbell in an arc behind your head.'),
(12611, 2641, 4, 'Slowly raise the dumbbell back up to the starting position.'),
(12621, 2651, 1, 'Stand with your feet shoulder width apart, your abs drawn in and your back straight as you bend at the waist until your upper body is parallel to the floor.'),
(12631, 2651, 2, 'Hold a dumbbell in each hand.'),
(12641, 2651, 3, 'Bring your right arm up to your side so the dumbbell in line with your chest, keeping your lower arm vertical and press your arm back in arc.'),
(12651, 2651, 4, 'Return to the starting position repeat and switch arms.'),
(12661, 2661, 1, 'Lie down on a bench, on your back, with your head at one end.'),
(12671, 2661, 2, 'Grasp a barbell with an underhand grip.'),
(12681, 2661, 3, 'Move your arms beyond your head, keeping them in a straight line.'),
(12691, 2661, 4, 'Bending only your elbows, slowly lower and raise the barbell.'),
(12701, 2671, 1, 'Lie flat on a bench, on your back, with your head at one end.'),
(12711, 2671, 2, 'Grasp a dumbbell in each hand and raise them at arms length over your shoulders.'),
(12721, 2671, 3, 'Lower the dumbbells in an arc bending your elbows until your forearms are touching your biceps.'),
(12731, 2671, 4, 'Slowly return to the starting position.'),
(12741, 2681, 1, 'Lie on a flat bench with your head at one end.'),
(12751, 2681, 2, 'Grasp an EZ or Curl bar with an overhand grip.'),
(12761, 2681, 3, 'Raise the bar straight up over your shoulders, taking care to keep your elbows in close.'),
(12771, 2681, 4, 'Slowly lower the bar in an arc over your head.'),
(12781, 2681, 5, 'Return the bar to the starting position.'),
(12791, 2691, 1, 'Adjust the seat of the machine so that the handles are equal with your elbows.'),
(12801, 2691, 2, 'Grasping the handles, press down with equal pressure until your arms are fully extended.'),
(12811, 2691, 3, 'Pause, and then return to the starting position.'),
(12821, 2701, 1, 'Lay face up on a decline bench and grasp an EZ Bar (Curved Barbell).'),
(12831, 2701, 2, 'Extend your arms so they are perpendicular to your chest, and keeping your elbows in one place, lower the bar toward your head.'),
(12841, 2701, 3, 'Slowly return to the starting position.'),
(12851, 2711, 1, 'Lay face up on a decline bench with a dumbbell in each hand.'),
(12861, 2711, 2, 'Extend your arms so they are perpendicular to your chest, and keeping your elbows in one place, lower your hands so the dumbbells are lowered near your head.'),
(12871, 2711, 3, 'Slowly return to the starting position.'),
(12881, 2721, 1, 'Lay with your back on a flat bench.'),
(12891, 2721, 2, 'Grip a barbell with a close grip 8-12 inches apart.'),
(12901, 2721, 3, 'Keeping your arms close to your sides lower the bar so it touches your chest, approximately an inch below your nipples.'),
(12911, 2721, 4, 'Slowly return to starting position, concentrating on your triceps.'),
(12921, 2721, 5, 'At the top of the exercise bend your arms down towards your head.'),
(12931, 2721, 6, 'Raise the bar back up over your chest and repeat.'),
(12941, 2731, 1, 'Place a cable pulley on the highest setting and adjust a stirrup handle to the pulley.'),
(12951, 2731, 2, 'Stand facing the weight stack and grasp the handle with and underhand grip.'),
(12961, 2731, 3, 'Keep your back straight, your abs drawn in and your knees slightly bent.'),
(12971, 2731, 4, 'Starting at the top, push your arm down until it is straight, feeling the concentration in your tricep.'),
(12981, 2731, 5, 'Slowly return to starting position.'),
(12991, 2741, 1, 'Place a flat bench with the end towards a weight stack.'),
(13001, 2741, 2, 'Attach a short straight bar to the pulley and lower the pulley to the bottom of the stack.'),
(13011, 2741, 3, 'Lie face up on the bench and grasp the bar with a narrow overhand grip.'),
(13021, 2741, 4, 'Starting with your arms extended lower the bar towards the bar towards the stack by bending your elbows.'),
(13031, 2741, 5, 'Slowly extend your arms upright and return to the starting position.'),
(13041, 2751, 1, 'Place an incline bench facing away from a cable pulley.'),
(13051, 2751, 2, 'Attach a short straight bar to the pulley and adjust the height so that your arms can extend fully.'),
(13061, 2751, 3, 'Lie face up on the bench and grasp the bar with a narrow overhand grip.'),
(13071, 2751, 4, 'Starting with your elbows bent overhead, slowly lower the bar towards your feet.'),
(13081, 2751, 5, 'Pause at the bottom and then return to starting position.'),
(13091, 2761, 1, 'Place an incline bench facing away from a cable pulley.'),
(13101, 2761, 2, 'Attach a short straight bar to the pulley and adjust the height so that your arms can extend fully.'),
(13111, 2761, 3, 'Lie face up on the bench and grasp the bar with a narrow overhand grip.'),
(13121, 2761, 4, 'Keeping your arms straight, slowly push the bar down towards your feet.'),
(13131, 2761, 5, 'Pause at the bottom and then return to starting position.'),
(13141, 2771, 1, 'Grasp a set of parallel bars and push yourself up to the starting position.'),
(13151, 2771, 2, 'Keeping your elbows close to your body, lower yourself down until your triceps are parallel to the floor.'),
(13161, 2771, 3, 'Slowly raise yourself back to the starting position.'),
(13171, 2781, 1, 'Sit on a bench with your back straight and your abs drawn in.'),
(13181, 2781, 2, 'Grasp a dumbbell in your hand and place it behind your neck with your elbow bent.'),
(13191, 2781, 3, 'Slowly extend your arm straight up over your head and slowly return to the starting position.'),
(13201, 2791, 1, 'Lay on a flat bench with your head at one end and your feet planted firmly on the floor.'),
(13211, 2791, 2, 'Grasp a dumbbell in each hand with palms facing up.'),
(13221, 2791, 3, 'Raise dumbbells over your body. Your arms will be pointed towards the ceiling.'),
(13231, 2791, 4, 'While keeping your upper arms and elbows still, lower the dumbbell slowly over your face bending only your elbow.'),
(13241, 2791, 5, 'Slowly raise the dumbbell back to the starting position and repeat with your other arm.'),
(13251, 2801, 1, 'Lay on a flat bench with your head at one end and your feet planted firmly on the floor.'),
(13261, 2801, 2, 'Grasp a dumbbell with both hands with palms facing up.'),
(13271, 2801, 3, 'Raise dumbbell over your body. Your arms will be pointed towards the ceiling.'),
(13281, 2801, 4, 'While keeping your upper arms and elbows still, lower the dumbbell in an arc behind your head.'),
(13291, 2801, 5, 'Slowly raise the dumbbell back to the starting position.'),
(13301, 2811, 1, 'Lie on a flat bench on your back, with your head at one end.'),
(13311, 2811, 2, 'Grasp a bar with a close grip, approximately 6 inches apart.'),
(13321, 2811, 3, 'Raise the bar straight up over your shoulders, keeping your elbows close in.'),
(13331, 2811, 4, 'Slowly lower the bar in an arc towards your chin.'),
(13341, 2811, 5, 'Return the bar to the starting position.'),
(13351, 2821, 1, 'Lie flat on a bench on your back.'),
(13361, 2821, 2, 'Grasp the bar with a grip approximately 8 inches apart and lower the bar behind your head.'),
(13371, 2821, 3, 'Keeping the bar parallel with the floor, bend your arms down in an arc so the bar moves in a direction under your head.'),
(13381, 2821, 4, 'Slowly return to starting position.'),
(13391, 2831, 1, 'Attach a rope to the cable pulley at of a seated row station.'),
(13401, 2831, 2, 'Lie on your back on the bench with your head facing the weight stack.'),
(13411, 2831, 3, 'Grasp the rope with your palms facing each other and raise your arms over your chest, with your forearms parallel to the floor at a 90 degree angle.'),
(13421, 2831, 4, 'Slowly extend your arms upward squeezing your triceps.'),
(13431, 2831, 5, 'Return to starting position.'),
(13441, 2841, 1, 'Place a bench sideways in front of a high pulley machine.'),
(13451, 2841, 2, 'Grasp a straight bar with an over head grip.'),
(13461, 2841, 3, 'Kneel on the floor in front of the bench with your back straight and your head down.'),
(13471, 2841, 4, 'With your elbows and forearms above your head, push the bar down in an arc so that your forearms are touching the bench.'),
(13481, 2851, 1, 'Attach a stirrup handle to a cable pulley and adjust the pulley up high.'),
(13491, 2851, 2, 'Kneeling on your left knee, with the left side of your body turned towards the machine, keep your right leg bent and the upper portion of your thigh parallel to the floor.'),
(13501, 2851, 3, 'With your right elbow and upper arm pressed against your inner thigh just above your knee, pull the cable down towards the floor in a slight arcing motion.'),
(13511, 2851, 4, 'Slowly to return to starting position.'),
(13521, 2851, 5, 'Repeat and switch arms.'),
(13531, 2861, 1, 'Lay on a flat bench with your head just at the end of the bench.'),
(13541, 2861, 2, 'Grasp the bar with a medium overhand grip keeping your elbows close to your side, over your sternum (mid chest).'),
(13551, 2861, 3, 'Lower the bar towards your sternum at a regular pace, then pause for a moment.'),
(13561, 2861, 4, 'With a controlled but rapid pace, push the bar back to starting position.'),
(13571, 2871, 1, 'Grasp a barbell with a close grip (4-6 inches apart).'),
(13581, 2871, 2, 'Lie on an incline bench and hold the bar over your head.'),
(13591, 2871, 3, 'Lower your arms in a slight arc so your forearms are touching your biceps.'),
(13601, 2871, 4, 'Slowly return back to the starting position with the bar over your head.'),
(13611, 2881, 1, 'Place two benches parallel to each other 3-4 feet apart.'),
(13621, 2881, 2, 'Sit on one bench and place your feet on the edge of the other bench so that your legs are suspended between the 2 benches.'),
(13631, 2881, 3, 'Cross your feet for support.'),
(13641, 2881, 4, 'Hold onto the bench with your hands for support and slowly lower body towards the floor by bending your elbows.'),
(13651, 2881, 5, 'Pause and then return to starting position.');

/*!40101 SET CHARACTER_SET_CLIENT=@OLD_CHARACTER_SET_CLIENT */;
/*!40101 SET CHARACTER_SET_RESULTS=@OLD_CHARACTER_SET_RESULTS */;
/*!40101 SET COLLATION_CONNECTION=@OLD_COLLATION_CONNECTION */;
